video_id,title,description,category_id,tags,keyword
6wmDlk-7aMk,YLL LIMANI - LARG (Official Music Video),YLL LIMANI - LARG (Official Music Video) Subscribe to my YouTube channel here: https://lnk.to/subscribeYllLimani Turn on the ...,10,Yll Limani Ylli Ylli Limani ylli limani ylli yll prishtina kosova albania kaje,music
QRHhWwdX59k,DYSTINCT - YAMA (Official Music Video),Subscribe to our channel! Listen to 'DYSTINCT - YAMA' in the link below https://dystinctofficial.lnk.to/YAMA ☆ DYSTINCT ...,10,dystinct yama dystinct yama yama dystinct d block europe dystinct d block europe dystinct ayouba ayouba dystinct young adz young adz lb dirtbike young adz lb dirt bike j balvin dystinct la dystinct j balvin dystinct tek tek dystinct ma3lich dystinct j balvin como tu dystinct dvm j balvin dystinct j balvin x dystinct reg deg dystinct mhd dystinct spanish dystinct jul princesa dystinct morad dystinct rs6 dystinct spider dystinct ghazali,music
v8d5p5d81Es,"Warm November Jazz Music for Relaxing, Studying 🍂 Smooth Fall Jazz Music at Cozy Porch Ambience","Warm November Jazz Music for Relaxing, Studying Smooth Fall Jazz Music at Cozy Porch Ambience 👉️   Let's experience ...",22,jazz jazz music warm jazz november jazz smooth jazz fall jazz autumn jazz relaxing jazz cozy jazz jazz for relaxing jazz for studying cozy porch porch ambience cozy porch ambience fall porch fall porch ambience cozy fall porch warm jazz music november jazz music smooth jazz music fall jazz music autumn jazz music relaxing jazz music jazz relaxing music warm november jazz smooth fall jazz fall ambience autumn ambience relax jazz cafe,music
fTKqtvXjkvo,Top Hits 2025 ~ Summer Playlist 2025 ~ Top Songs 2025 Trending Music 🎶🎧,"Welcome to your ultimate summer soundtrack. This summer playlist is packed with the top hits 2025, blending the biggest ...",10,top hits top songs summer playlist summer mix top hits playlist top hits 2025 music mix pop songs billboard hot 100 billboard top 50 this week top 40 songs this week best pop songs top music top 50 songs of the week new songs pop hits new music billboard 2025 top 100 songs pop music billboard top 100 road trip playlist road trip music road trip pov with music car pov with music driving pov with music,music
Xbaoi-lifOM,Maddie &amp; Tae - Die From A Broken Heart (Official Music Video),The official Music Video for Maddie & Tae's Mama Can You Die From A Broken Heart. Subscribe: ...,10,Maddie and Tae Maddie and Tae live performance maddie and tae lyrics maddie and tae official maddie and tae music video maddie and tae live country music maddie tae maddie tae official maddie tae lyrics maddie tae live performance die from broken heart maddie and tae mama you can die from broken heart maddie and tae Mama Can You Die From Broken Heart Mama Can You Die From Broken Heart maddie and tae maddie tae,music
ipM9SkIkwCY,YoungBoy Never Broke Again - Untouchable [Official Music Video],"YoungBoy Never Broke Again - Untouchable [Official Music Video] Still Flexin, Still Steppin OUT NOW! Stream/Download: ...",24,YoungBoy Young Boy YoungBoy Never Broke Again NBA YoungBoyNBA NBAYoungBoy Untouchable Free YoungBoy Official Music Video,music
uRiB1tsFIkE,KATSEYE - Gabriela (Lyrics),Follow the official 7clouds playlist on Spotify : http://spoti.fi/2SJsUcZ ​   KATSEYE - Gabriela (Lyrics) ⏬ Download / Stream: ...,10,gabriela gabriela lyrics lyrics gabriela katseye lyrics katseye gabriela gabriela katseye katseye gabriela lyrics lyrics katseye gabriela katseye lyrics katseye lyrics gabriela gabriela lyrics katseye lyrics gabriela katseye gabriela katseye lyrics Hands off Gabriela Gabriela Back off of my fella Gabriela 'Cause ooh You could have anyone else you wanted to Hands off Gabriela Hands off Gabriela la la I'm begging you Hands off Gabriela-la-la pop music hits,music
qMMg5z2RWn8,Xojiakbar Ruzmetov - Sev mani \ Хожиакбар Рузметов - Сев мани (Videoklip),Xojiakbar Ruzmetov - Sev Mani Video Director: Sherzod Umarov Producer: Akhmedov Bekhruz ✍️ Author: Alem Choriyev ...,10,Xojiakbar Ruzmetov Xojiakbar Ruzmetov klip Xojiakbar Ruzmetov yangi qo‘shiq O‘zbek estradasi O‘zbek musiqasi Yor ishqida Bevafo Oqibat Xojiakbar cover o‘zbek qo‘shiqlari zamonaviy o‘zbek musiqa xit qo‘shiqlar mashhur o‘zbek xonandalar O‘zbekiston artist cover,music
1LWLFjfV6kg,🌟 First Light – MAXR  (Official Christmas Song | Week 3 of 10 Weeks Till Christmas),First Light – MAXR (Official Christmas Song | Week 3 of 10 Weeks Till Christmas) „First Light“ ist ein Lied über den Zauber von ...,10,MAXR First Light MAXR First Light Christmas Song Weihnachtslied Noel Song New Christmas Music Christmas 2025 MAXR Weihnachten MAXR Noel Offizielles Musikvideo Popmusik Deutschpop Tune Twist Records Robert Schmalohr SchalkesOpa Weihnachtsmusik 2025 Adventslied Christmas Pop Holiday Music New Release Spotify Release YouTube Musikvideo MAXR Channel Exklusive Premiere Kanalmitglieder MAXR Songs,music
JWLWczFtCag,BLOK3 - GİT (Official Music Video),"BLOK3 'ün Virtüöz EP 'sinden "" GİT '' isimli parçası video klibi ile birlikte Mundo Music etiketiyle şimdi tüm dijital platformlarda ...",10,blok blok 3 üç virtüöz ep blok virtüöz hakan aydın hakan aydın hako hako virtüöz müzik mundo mundo music mundo müzik music git peşimi bırak senin aşkın bana bi tuzak git blok 3 git blok3 git hako git bi kez olsun kendine yakışanı yap fotoğramızı sakla beni soran olursa düzelettin beni kafamın içinde bıraktın beni neden neden neden neden kuşkulanırdım hevesi kaçar da benden gider mi diye,music
w4Eq0Tm7Vlg,The Darkest Songs in History 🤔,The Darkest Songs in History Join My Secret Discord: https://discord.gg/hxsain Socials: Twitter ➜ https://twitter.com/hxsain ...,20,,music
F0d8JJUNkqo,"Tabola Bale - Silet Open Up (feat. Jacson Zeran, Juan Reza &amp; Diva Aurel) (Official Music Video)","Tabola Bale - Silet Open Up (feat. Jacson Zeran, Juan Reza & Diva Aurel) (Official Music Video) Audio Video Credits Artists: Silet ...",10,silet open up jacson zeran juan reza bola bale lagu timur lagu tabola bale lia ade nona makin gaga tabola bale remix tabale bale lihat ade nona makin gaga lagu bola bale minang timur lagu timur terbaru 2025 tabubale bola bola stecu tabola bale lirik lagu timur tabola bale minang ade nona tambah gaga pica pica kaka tabola bale caca musik timur musik rakat dansa portu lagu acara musik acara disko acara timur lagu minang diva aurel,music
AK-OfzFRO_A,Athuru Mithuru ( අතුරු මිතුරු ) - Dinudi Hettiarachchi | Official Music Video,Athuru Mithuru Official Music Video by Dinudi Hettiarachchi ♪ Stream & Download: https://eylnd.vyd.co/AthuruMithuru Powered ...,10,athuru mithuru thawa athak ganin settiyo අතුරු මිතුරු athuru mithuru song athuru mithuru official music video dinudi hettiarachchi dinuli trip eka pandarin asira fernando,music
SDd3AyocuxU,100%heartattack#heartattack #cover #singer #music #song,,22,,music
i_GisWEPb5I,Russian Roulette lyrics edit#aestheticxlyricss #music #lyricalaesthetics,,22,,music
L6rlAAXSxI8,Ibiza Summer Mix 2025 🍓 Best Of Tropical Deep House Music Chill Out Mix 2024 🍓 Chillout Lounge,Ibiza Summer Mix 2025 Best Of Tropical Deep House Music Chill Out Mix 2024 Chillout Lounge Stream/Download: ...,10,,music
G5c7jBadE9A,&quot;What song carried 2020?&quot; 🤔🔥,"Credit: Ratatouille (2007) , Lyrical Lemonade , Lil Mosey , Rolling Loud We respect copyright laws and comply with ...",10,lil mosey blueberry faygo rap nostalgia edit,music
CVbipre85ao,Djelykaba Bintou Feat. Mia Guissé - Unique (Clip Officiel),Abonne-toi à mon compte YouTube pour découvrir toutes mes nouvelles vidéos : https://bit.ly/35ozMi7 ...,10,,music
vZi8ET9k11g,d4vd - Feel It (Official Music Video),d4vd - Feel It (Official Music Video) WITHERED EXTENDED WITH 2 BONUS TRACKS FOR $4.99 ...,10,d4vd Feel Darkroom/Interscope Records Alternative,music
7Cd0X5E8XTM,Why Christmas Music Starts Right After Halloween!,Getting into the holiday season by decorating the christmas tree with new christmas decorations! Such great christmas vibes in the ...,22,christmas music christmas songs xmas radio november 1st christmas christmas 2025 festive Shorts tiktok popular tik tok reels famous youtubeshorts instareels courtney and Alex the quist family quist family trend trends trending viral Marriage married life wife husband family relationship boyfriend girlfriend couple couple goals christmas decor it's time it's tiiiime funny funny shorts relatable christmas spirit day after halloween,music
jpZC476jE7c,"Jahman X-press - ARVA feat. Souleymane Faye, Soda Mama &amp; Kine Lam (clip officiel)",Crédits de la chanson et du clip : Auteur : Jahman X-press Production : OPTIQUE STUDIOS Directed by : IBRAHIMA MBENGUE ...,10,Jahman Xpress Damalay beugg Diaman Eternelle Jantu mbeuguel Wally Seck Vj Mia Guisse Tarba Mbaye Titi Djelykaba Binetou Ngaaka Blinde Ngalam Matadi King Baba Sidy Diop Série Baabel Saison 2 Marodi Tv EvenProd BÉTÉ BÉTÉ Confidences Lutte Tv Fatou Ndiaye Bass Thioung Dip Doundou Guiss Damlay Beugue Safary Amira Abed Jeeba Série sénégalaise magal 2025 Eumeu Sene Franc Fatou Sangare Arva Amadeus,music
lssAEKfTuOA,Top 5 Most iconic 2019-20 Songs🎧😍🌍| BEST MUSIC |Lalala-SugarCrash-comethru|#explore #spotify #music,Top 5 Most iconic 2019-20 Songs      | BEST MUSIC |Lalala-SugarCrash-comethru|#explore #spotify #music Top 5 Most iconic ...,24,Top 5 Most iconic 2019-20 Songs🎧😍🌍| BEST MUSIC |Lalala-SugarCrash-comethru|#explore #spotify #music,music
cj8ASVJhH4A,MOST Streamed Rap Song Of Every Year,anxiety #doechii #notlikeus #kendricklamar #travisscott #drake #21savage #dababy #song #top10 #rapper #album #review ...,10,rap hiphop music song review rating ranking fiscooemo rnb top10 2025 doechii anxiety kendrick lamar not like us travis scott year goosebumps fein dababy rockstar 21 savage drake juice wrld roddy ricch the box lucid dreams,music
TLUvO8vwoAM,"Best SCREAMS by singers in the music industry!😱😳(Olivia Rodrigo,Mitski)","We respect copyright laws and comply with takedown requests. If you believe your rights have been infringed, please contact us ...",24,,music
ph0aYK-n0Fc,Jessie Murph - The Man That Came Back (Lyrics),Welcome to Paradise Your Home For The Best Urban Music With Lyrics! Jessie Murph - The Man That Came Back Lyrics / Lyric ...,10,Jessie Murph The Man That Came Back The Man That Came Back Jessie Murph The Man That Came Back Lyrics Jessie Murph Lyrics Lyrics Jessie Murph Lyrics The Man That Came Back Lyrics Jessie Murph The Man That Came Back Lyrics The Man That Came Back Jessie Murph Jessie Murph The Man That Came Back Lyrics The Man That Came Back Lyrics Video Lyrics Video for The Man That Came Back Country Pop Lyrics Video Emotional Lyrics Video new music 2025 Urban Paradise,music
HJxnfitOmqA,Billie Eilish - The 30th (Lyrics) #billieeilish #30th #lyrics #music,Billie Eilish - The 30th (Lyrics) #billieeilish #30th #lyrics #music.,10,Billie Eilish - The 30th (Lyrics),music
poNrULDcAsQ,🎧 MONTAGEM TOMADA 🎧#bass #bassbosted #bass #funk #music #phonk #song #slowed #aveeplayer #foryou,,10,Montagem tomada montagem tomada speed up montagem tomada slowed montagem tomada slowed reverb montagem tomada ultra slowed montagem tomada over slowed,music
YVkUvmDQ3HY,Eminem - Without Me (Official Music Video),CELEBRATING ONE BILLION VIEWS!!! REMASTERED IN HD! iTunes: http://smarturl.it/WithoutMe Amazon: ...,10,EMINEM EMINEM WITHOUT ME WITHOUT ME WITHOUT ME EMINEM WITHOUT ME official music video WITHOUT ME remastered video EMINEM remastered EMINEM remastered videos #remastered hd music videos remastered music videos MARSHALL MATHERS SLIM SHADY THE EMINEM SHOW ONE BILLION VIEWS BILLION VIEWS CLUB STAN DR. DRE RAPMAN エミネム 에미넴 埃米纳姆 한글자막 日本語字幕 subtítulos en español Türkçe Altyazılı Phụ đề tiếng Việt Subtitles in Tagalog,music
Rh4xG71oqhU,montagem coma - andromeda | lyrics | aesthetic | whatsapp Status | English songs | slowed | phonk 💀💥,"montagem coma - andromeda | lyrics | aesthetic | whatsapp Status | slowed | speed up | audio #montagemcoma lyrics , aesthetic, ...",22,montagem coma edit montagem coma edit audio montagem coma amv edit montagem coma audio edit montagem coma anime edit montagem coma slowed edit montagem coma andromeda edit audio montagem coma montagem coma amv montagem coma slowed montagem coma sped up montagem coma speed up montagem coma anime montagem coma tomada montagem coma andromeda andromeda montagem coma montagem coma earth zoom andromeda - montagem coma montagem coma toma ultra slowed,music
g2jJPsrFBSI,Songs That Shouldn’t Work… But Do.,,22,,music
mLW35YMzELE,Creepy Nuts｢Bling-Bang-Bang-Born｣ × TV Anime｢マッシュル-MASHLE-｣ Collaboration Music Video #BBBBダンス,「Bling-Bang-Bang-Born」 (2024.1.7.Digital Release) TVアニメ「マッシュル-MASHLE- 神覚者候補選抜試験編」オープニング ...,24,R-指定 DJ松永 ラップ ヒップホップ Rap HipHop フリースタイル CreepyNuts クリーピーナッツ 日本語ラップ j-hiphop MCバトル Creepy Nuts サイファー マッシュル MASHLE,music
fN_Vq5FMTWs,&quot;He&#39;s probably out cheating&quot; 😭💔,"Credit: whyk4re , Young Dylan , Law&Crime Network , YNW Melly We respect copyright laws and comply with takedown ...",10,ynw melly rap edit,music
_2i7qlkpdcA,They Call Him OG - Streets of fire Video Song | Pawan Kalyan | Sujeeth | Thaman S | DVV Danayya,Song Title : STREETS OF FIRE Album / Movie : They Call Him OG Written & Directed by Sujeeth Music by Thaman S Production: ...,10,Sony Music South Sony Music Latest Song Tamil song Tamil Latest Song Latest songs in Tamil4 Songs in Tamil Latest Tamil Movies Tamil Movie Songs Latest Video Songs Tamil latest Tamil Love Songs Latest Tamil Hit Songs Songs in Telugu4 Telugu Movie Songs Video Songs Telugu new Telugu Songs,music
y0X5FCtYwKU,Zeddy Will 67 song!! 🎶,,17,,music
ogWztLP-_10,🎧 // MONTAGEM COMA [ SLOWED ] (BRAZILIAN PHONK 🥶🥵💀,phonk #phonkmusic #phonkdrift #bass #avee_player Songs for your day  #phonk #funk #music #bassboosted #foryou,10,,music
qeHOXg9Qnp8,Top 8 K-Pop Demon Hunters Songs (CD MUSIC),kpopdemonhunters #kpop #bass #viral #music #tiktok 00:00 - Golden by HUNTR/X 03:10 - Your Idol by Saja Boys 06:14 - Soda ...,10,,music
8UFIYGkROII,Soulja Boy Tell&#39;em - Crank That (Soulja Boy) (Official Music Video),REMASTERED IN HD! Best of Soulja Boy Tell'em: https://goo.gl/V4M688 Subscribe here: https://goo.gl/k2s6xJ Music video by ...,10,SOULJA BOY TELL EM SOULJA BOY TELL EM CRANK THAT CRANK THAT CRANK THAT SOULJA BOY TELL EM CRANK THAT official music video CRANK THAT remastered video SOULJA BOY TELL EM remastered SOULJA BOY TELL EM remastered videos #remastered hd music videos remastered music videos CLASSIC HIP HOP HIP HOP,music
2VKJ79yLDnc,Zeddy Wills Many Hit Songs,zeddywill #cantgobroke #getjiggy #yupandido #chacha #song #top10 #rapper #album #review #rating #ranking #fiscooemo #rap ...,10,rap hiphop music song review rating ranking fiscooemo rnb top10 2025 zeddy will cant go broke yup and i do titkok cha cha get jiggy,music
VDFqroVsfYc,Badshah X Davido - Wallah Wallah (Official Music Video),"Wallah Wallah unites Badshah and Davido in a global sonic explosion where Indian pop meets Afrobeats. Pure vibe, pure energy.",10,badshah badshah live badshah news songs latest badshah songs Badshah badshah song badshah new song wallah wallah wallah wallah song wallah wallah badshah badshah wallah wallah Badshah Wallah Wallah song Wallah Wallah new song Wallah Wallah Badshah Davido songs Davido new song Badshah new song badshah new song 2025 new song hindi song new songs new songs 2025 new hindi song hindi songs bollywood songs popular songs latest song dance,music
ArOS-e2d-cM,Music Box of Fate - Ironmouse Original Opera Song,Music Box of Fate - Ironmouse Original Opera Song Vocals by Ironmouse https://x.com/ironmouse Animation and Direction by ...,24,Ironmouse VTuber,music
FZQlD9RwkPY,Huntrix - Takedown (Lyrics) | K-Pop Demon Hunters,"Huntrix - Takedown (Lyrics) (from ""K-Pop Demon Hunters"" soundtrack) Stream & Download: https://kpopdemonhunte.",10,takedown huntrix takedown huntrix takedown takedown huntrix lyrics takedown lyrics huntrix takedown lyrics takedown huntrix k-pop demon hunters takedown k-pop demon hunters huntrix takedown k-pop demon hunters,music
pFiPJ9oO-To,"BURIED ALIVE - KreekCraft Diss Track (feat. Steak, Foltyn &amp; Kreeks Mom)",R.I.P KREEK Spotify - https://open.spotify.com/track/4RPOPeH5QDsREYK7DeVxvN?si=eSAvGsFlQJuJMDIBW1qJGQ Play ...,20,caylusblox caylus roblox caylus caylus gaming caylus infinite infinite lists calus callus calis roblox caylus horror caylus scary caylus scariest caylus scary myths caylus creepy caylus roblox horror caylus roblox scary diss track kreekcraft kreek kreekcraft disstrack foltyn steak foltyn disstrack foltyn diss track steak diss track caylus diss track buried alive buried alive diss track buried alive disstrack,music
NtTdainRvQ8,THE BEST 80S SONGS 💿 #80smusic #popmusic #80s,10 Best 80s songs of All Time #80smusic #1980s #80s.,10,the best 80s songs 80s songs best 80s songs 1980s songs the best 1980s songs best 1980s songs 80s 80s best songs 1980s best songs best songs 1980s best songs 80s 1980 80s pop music 1980s pop music pop music 80s pop music 1980s,music
vp2ZoXIFJfw,Top Hits 2025 ~ Top Music Playlist 2025 ~ Top Songs 2025 🎶🎧,"This top hits playlist is packed with the top hits of 2025, blending the biggest chart-topping singles, viral TikTok anthems, and the ...",10,top hits top songs summer playlist summer mix top hits playlist top hits 2025 music mix pop songs billboard hot 100 billboard top 50 this week top 40 songs this week best pop songs top music top 50 songs of the week new songs pop hits new music billboard 2025 top 100 songs pop music,music
rAcxQvnJH9E,Can Foltyn Guess The Song? 😂 @FoltynFamily Jelijah Diaz #foltyn #foltynfamily #guessthesong #guess,7 year old @JelijahDiaz challenges popular gamer @FoltynFamily to guess the song he's playing on his melodica piano!,24,melodica challenge guess the song guess the tune music challenge funny moments kids music kids playing music musical challenge song guessing game kids having fun hilarious moments funny kids kids challenge challenge accepted guessing game music game kids entertainment funny videos viral moments Funny Music Moments Guess the Melody talented kids guess tune vidcon vidcon 2025 foltyn foltyn family Foltyn old town road lil nas x melodica asking,music
TwyWDJ5Q1U8,The OLDEST Rap Song Ever (1944) 🤯🔥,"Credit: Soulful Sounds , OLD TAPES , Nas , 50 Cent , Travis Scott , Drake , Kendrick Lamar   We respect copyright ...",10,rap hiphop edit,music
57L5pk8ryc8,THE MOST BEAUTIFUL HILLSONG WORSHIP &quot;HALLELUJAH&quot; - LUCY THOMAS #jesus #amen #shorts #music #lyrics,Lucy Thomas delivers a stunning rendition of Hallelujah with her crystal-clear voice and deep emotion. Set against a candlelit ...,22,AIMusicStar english songs lyrics video lyric shorts sing and learn ai music ai music star Lucy Thomas Leonard Cohen Hallelujah Cover Gospel Music Christian Music Worship Music Emotional Ballad Inspirational Music Sacred Music Uplifting Music Live Worship Heavenly Vocals Hallelujah Lyrics Praise And Worship agt america's got talent talent show jesus amen god Now I've heard there was a secret chord The baffled king composing Hallelujah,music
nFXPcdSv0qA,Top Halloween Songs of All Time 🎃 Best Halloween Music Playlist 👻 Halloween Music Mix,Celebrate Halloween 2025 with the best Halloween songs of all time! From classic Halloween hits to modern jams this Halloween ...,10,,music
4cj0qRNgKUc,Pretty Little Baby&quot; different version Cover Song&#39;s by 🇺🇸 VS 🇷🇺 VS 🇯🇵 Best😍🎧? #music #explore #shorts,"Pretty Little Baby"" different version Cover Song's by VS VS Best    ? #music #explore #shorts Pretty Little Baby"" ...",24,"Pretty Little Baby"" different version Cover Song's by 🇺🇸 VS 🇷🇺 VS 🇯🇵 Best😍🎧? #music #explore #shorts",music
yC58TRBAkUw,Bongo Cat - Golden (Cover Version) 🎧,Bongo Cat - Golden (Cover Version) Original Song: https://youtu.be/yebNIHKAC4A Artist Thu | Instagram: meoomca ...,10,bongo cat bongo cat song cat music cat song bongo cat song kitty music sing cover remix singer meme meow animation cartoon cat sing cat cover meow sound meow song tiktok tik tok bongo cat meme bongo cat 1 hour kpop bongo cat kpop bongo cat cover music cover trending music Golden KPop Demon Hunters Sony Animation,music
-f3avdIPt-c,Trump tells Pentagon to ready ‘vicious’ military action in Nigeria: ‘MOVE FAST!&#39;,Fox News national correspondent Rebekah Castor reports on President Donald Trump's warning that the U.S. may launch swift ...,25,africa security breaking news christian persecution donald trump foreign policy fox news channel global defense government response international relations media military action national security nigeria crisis pentagon orders rebekah castor us strategy usa washington dc politics,news
qpxFBRP649M,"ABC World News Tonight with David Muir Full Broadcast - October 31, 2025",Matt Rivers reports on the Delta pilot who aborted landing at Boston's Logan Airport after realizing the plane was on a possible ...,25,abc abc news basement apartment boston airport brooklyn chester collision course crash car deadly flooding delta flight government shutdown grab man drowned northeast p_cmsid=2494279 p_vid=news-127079683 pre-k student record rain smashes window south carolina wn wnt,news
T3PZpLp7fkk,BREAKING: Alleged Harvard explosion suspect pictured on cam,Fox News senior correspondent Jonathan Serrie has the latest on what police are calling an 'intentional' explosion at Harvard ...,25,boston police breaking news campus security criminal investigation explosion suspect fox news channel harvard campus harvard explosion harvard university intentional blast jonathan serrie massachusetts incident media the big weekend show youtube university investigation usa,news
4T9CRxoXmCQ,Republican senator lays out &#39;the simplest solution&#39; as SNAP set to expire,"Fox News' Alexandria Hoff, White House economic advisor Kevin Hassett and Sen. John Cornyn, R-Texas, join 'Fox News Live' to ...",25,alexandria hoff arctic frost investigation breaking news economic policy federal programs fox news channel fox news live youtube government funding john cornyn kevin hassett media political update republican senator snap benefits texas politics usa white house advisor,news
jOD4kPlHw08,FLASHBACK: Obama blames REPUBLICANS for shutdown in unearthed video #shorts,'Fox & Friends Weekend' spotlights former President Obama's 2013 remarks blaming 'irresponsible' Republicans for the ...,25,Fox News Channel FNC Fox News News Media shorts youtube shorts fox news shorts Obama Barack Obama Obama 2013 Obama shutdown government shutdown Republican Party GOP Democrats Congress Washington politics Fox & Friends Weekend political flashback government spending Obama speech fiscal standoff U.S. politics obama flashback shutdown barack obama government shutdown 2025 politics,news
5Cpqukjm2kk,Trump: Something MUST be done #foxnews #news #us #fox #nigeria #trump,President Donald Trump has officially declared Nigeria as a 'country of particular concern' amid Christian persecution and what ...,25,Fox News Channel FNC Fox News News Media media breaking news usa fox news channel donald trump nigeria persecution christian genocide boko haram religious freedom human rights africa news foreign policy international relations trump statement global concern presidential response,news
Khuvycvlss4,Trump officials move onto military bases as political violence hits &#39;fever pitch&#39;,'Fox & Friends Weekend' co-hosts spotlight notable acts of political violence spanning the Biden administration and President ...,25,Donald Trump FNC Fox Fox News Fox News Channel News Trump domestic extremism government officials law enforcement military bases national security political polarization political violence politics president donald trump president trump public safety safe housing security threats stephen miller the atlantic trump officials kristi noem military housing fort mcnair marco rubio trump administration,news
FctMsp4nCx8,Mass stabbing on UK train leaves nine injured | 9 News Australia,Two people have been arrested after a mass stabbing on a London-bound train in the UK. | *Subscribe and ...,25,9news australianews brisbanenews channel9 channel9news latestnews melbournenews newsaustralia ninenews ninenewsaustralia sydneynews London Train Stabbing Mass Stabbing UK Crime British Transport Police Huntingdon Station LNER Counter Terrorism Police Major Incident UK News Knife Attack London King's Cross Cambridgeshire Train Safety UK Railway Knife Crime Keir Starmer Emergency Response Doncaster to London Public Safety UK Marauding Attack,news
pA6FzF8rAkA,Trump has DISASTER SATURDAY and HIDES from BAD NEWS,MeidasTouch host Ben Meiselas reports on Donald Trump's terrible Saturday as he finished partying in Florida as he hides from ...,25,meidastouch meidas touch politics political videos political advertising breaking news ben meiselas midas touch midastouch donald trump trump joe biden biden president elections republicans democrats democratic party republican party trump indictments legal news michael popok gop current events department of justice justice department political news msnbc cnn cable news independent media united states us news,news
6rNZ_AzOnrc,JUST IN: Several arrested for Halloween terror plot in Michigan,Fox News correspondent David Spunt has the latest on the Halloween terror threat in Michigan on 'Special Report.' #fox #media ...,25,breaking news crime news david spunt domestic threat fbi investigation fox news channel halloween threat isis connection law enforcement media michigan terror plot national security public safety special report youtube terrorism arrest usa,news
8TK1A5bunF0,SEE IT: Florida woman pulls gun on man walking dog #foxnews #news #us #fox,"Dashcam footage shows the moment a woman in Florida pulled a firearm on a man walking his dog, she was arrested on several ...",25,Fox News Channel FNC Fox News News Media media breaking news usa fox news channel florida crime gun incident firearm arrest woman pulls gun dashcam footage florida woman dog walker incident police response arrest footage criminal charges public safety,news
kPl2mzr6e_o,&#39;NOT THAT I RECALL&#39;: Karine Jean-Pierre DENIES seeing Biden &#39;confused&#39; #shorts,Former White House press secretary Karine Jean-Pierre told House lawmakers that she did not recall instances of the former ...,25,Fox News Channel FNC Fox News News Media shorts youtube shorts fox news shorts Karine Jean-Pierre Biden mental health Joe Biden White House Biden administration House testimony Biden cognition presidential health Biden controversy political hearing Biden decline claims U.S. politics Fox kjp biden mental decline biden confused biden cognitive decline mental acuity cognitive decline politics,news
yF36HLD70l0,Aggressive monkeys on the loose after truck crash #foxnews #news #us #fox,"Police are looking for three monkeys reportedly on the loose in Mississippi following a truck crash, releasing research monkeys ...",25,Fox News Channel FNC Fox News News Media media breaking news usa fox news channel mississippi monkeys animal escape truck crash research monkeys wildlife incident police search escaped animals animal control public safety monkey news animal behavior truck accident,news
Pjgv0woxERs,【LIVE】昼のニュース（Japan News Digest Live）最新情報など｜TBS NEWS DIG（11月2日）,TBS/JNNニュースから、最新情報をダイジェストでお届けします。 #最新ニュース #TBS #news ▽TBS NEWS DIG 公式サイト ...,25,NEWS ニュース TBSNEWS 報道 日本 Japan 最新ニュース japan live tbs livenews 昼ニュース,news
fkjiW9gdz-k,අද දෙරණ 12.00 මධ්‍යාහ්න පුවත් විකාශය - 2025.11.02 | Ada Derana Midday Prime  News Bulletin,Ada Derana | ශ්‍රී ලංකාවේ විශ්වසනීය හා ප්‍රමුඛතම පුවත් සපයන්නා Disclaimer: This ...,25,AdaDerana News TvDerana Sri Lanka Colombo News sri lanka news news today news derana news ada derana ada derana news news sri lanka news now adaderananews ada derana latest news derana news 2025 today news,news
0k0LNd0zUSg,Harris Faulkner: This is about to get INFINITELY worse,Senior congressional correspondent Chad Pergram reports the latest on the government shutdown as SNAP benefits are set to ...,25,Fox News Channel Fox News News FNC Fox Ashley Moody Chuck Schumer Harris Faulkner The Faulkner Focus Chad Pergram government shutdown SNAP benefits food assistance holiday travel federal funding Democrats Senate leadership Republican response Congress Washington DC political fallout U.S. economy government spending national news politics democratic leadership shutdown democrats shutdown republicans shutdown,news
LkNbVsIUuMs,🔴 LIVE  - News 1st: Prime Time Sinhala News - 7 PM (02.11.2025) රාත්‍රී 7.00 ප්‍රධාන ප්‍රවෘත්ති,news1st #primetimenewsnews LIVE - News 1st: Prime Time Sinhala News - 7 PM (02.11.2025) රාත්‍රී 7.00 ...,25,breaking news sri lanka cricket sri lanka English news Investigative journalism Live streaming news from Sri Lanka sirasa news sirasa tv sri lanka Sri Lanka news Sri Lanka politics Sri Lanka sports sri lanka trending TV news උණුසුම් පුවත් නිවුස් ෆස්ට් ලංකා නිවුස් ශ්‍රී ලංකා ප්‍රවෘත්ති සජීවි ප්‍රවෘත්ති සිංහල නිව්ස් සිරස ප්‍රවෘත්ති news1st Newsfirst Sri Lanka Breaking News Sri Lanka News Today Sri Lanka News Live Sri Lanka News Sinhala,news
tzNA-wHG82k,NEW: Russia WARNS US over Trump&#39;s nuclear testing order,Senior strategic analyst Gen. Jack Keane discusses Kremlin spokesperson Dmitry Peskov's warning that 'Russia will act ...,25,Dmitry Peskov Donald Trump FNC Fox Fox News Fox News Channel Jack Keane Kremlin News Russia warning Trump Asia trip U.S. national security Vladimir Putin china nukes military strategy nuclear testing nuclear weapons nukes putin putin nuclear weapons russia russia nukes trump trump nuclear weapons trump nukes trump russia world world news trump putin weapons testing trump putin warning trump putin news,news
ja1ihI7NEzI,හිරු සවස 6.55 ප්‍රධාන ප්‍රවෘත්ති විකාශය - Hiru TV NEWS 6:55 PM LIVE | 2025-11-02 | Hiru News,හිරු සවස 6.55 ප්‍රධාන ප්‍රවෘත්ති විකාශය - Hiru TV NEWS 6:55 PM LIVE | 2025-11-02 | Hiru News ...,25,Hiru news hiru tv news hiru news live hiru tv news live news hiru tv hiru news today hiru news today live hiru news yesterday hiru 6.55 hiru news 6.55 hiru news 6.55 pm hiru news 6.55 live hiru news 6.55 today hiru news 6.55 today live 6.55 6.55 news 6.55 news live 6.55 news today 6.55 hiru news 6.55 hiru news live 6.55 hiru news today hiru tv news 6.55 pm live හිරු සවස 6.55 ප්‍රධාන ප්‍රවෘත්ති විකාශය හිරු සවස 6.55 hiru news 2025-11-02,news
cYCyR1AP7Z4,Nuclear Power | Iran Big Announcement | Headlines Geo News 6 PM | 1st November 2025,iran #nuclearprogram #PunjabNews #Section144 #BreakingNews #PunjabUpdate #SecurityAlert #LawAndOrder #LatestNews ...,25,Geo News Headlines TLP Karachi News Weather Updates PPP Adiala Jail Geo News headlines PTI Leaders Flooding Flood 2025 Rain Updates Rains KP Govt Sohail Afridi Afghan Pak Afghan ED-RH-TH-RH-CP-RH-UP-RH Punjab security update Section 144 extended in Punjab Punjab latest news today Punjab curfew news Punjab law and order Section 144 reason in Punjab Punjab government decision Breaking news Punjab Punjab police alert Nuclear Power Iran Big Announcement,news
9_URqL2fl8A,🔴11/02【LIVE】TVBS NEWS晚間整點新聞 重點直播 Taiwan News 20251102,請訂閱【TVBS新聞網】YT  https://tvbs.pse.is/7hnrvn ○TVBS新聞APP 快來下載  https://bit.ly/47n6SOm ○加入【TVBS娛樂 ...,25,55 55台 55頻道 tvbs tvbs新聞 新聞直播 新聞 直播 NEWS TaiwanNews NewsLive 24H直播 即時新聞 十點不一樣 氣象 天氣 24小時直播 TVBS 國際 娛樂 政治 56台 NEWS LIVE 最新 Taiwan News Taiwan 烏俄 中國大陸 烏克蘭 台股 基輔 聯合國 北約 澤倫斯基 普欽 台積電 中美台 解放軍 中國 美國 台灣 China 軍演 蔣萬安 柯文哲 蔡英文 朱立倫 侯友宜 賴清德 韓國瑜 以巴 以色列 蕭美琴 Taiwan news 趙少康 立法委員 王世堅 馬英九 computex jensen huang nvidia ai 黃仁勳 輝達 tsmc 國會改革 國會風雲 覆議案 拜登 川普,news
nuw9BwPBOQ8,News 1st: Prime Time Tamil News - 8 PM | (29.10.2025) சக்தியின் இரவு 8 மணி பிரதான செய்திகள்,NewsfirstTamil #TamilNewsSriLanka #SriLankaNews News 1st: Prime Time Tamil News - 8 PM | (29.10.2025) ...,25,sri lanka news tamil sri lanka news breaking news sri lanka latest breaking news news from jaffna tamil news lanka tamil tamil lanka news இலங்கை செய்தி தமிழ் இலங்கை செய்தி இலங்கையிலிருந்து சமீபத்திய செய்தி உடனுக்குடனான செய்தி இலங்கை யாழ்ப்பாணத்திலிருந்து செய்தி தமிழ் செய்தி இலங்கை தமிழ் breaking news tamil jaffna news TamilComedy TamilMusic TamilMovies TamilCulture TamilFood TamilFashion TamilSports TamilTravel TamilFilmFestival SriLankaFilmFestival,news
p3vfIOhZpxg,যমুনা নিউজ | Latest News Headline and Bulletin | Jamuna News | 4 PM | 02 November 2025 | Jamuna TV,news #latestnews #headlines #bulletin অপতথ্য ছড়িয়ে দেশকে অস্থিতিশীল করার চেষ্টা ...,25,যমুনা টিভি bangla tv news Jamuna TV Jamuna news আজকের খবর Jamuna Television বাংলা সংবাদ news news today খবর নিউজ Breaking News Latest news jamuna tv live news today latest news latest news today jamuna news today দেশের খবর আজকের দেশের খবর লাইভ দেশের খবর আজকের তাজা খবর 2025 jamuna tv channel khobor jamuna tv channel khabar jamuna news 4pm jamuna tv news today 4pm বিকালের খবর news bulletin news bulletin today Latest News Headline and Bulletin,news
XGsW4mHDRKU,Nine people with life-threatening injuries after stabbings on UK train | BBC News,Ten people are in hospital with nine believed to have life-threatening injuries - after a stabbing attack on board a ...,25,bbc bbc news news world news breaking news us news world america usa usa news india news,news
9RVPVMlmJSg,যমুনা নিউজ | Latest News Headlines and Bulletin | Jamuna News | 8 AM | 2 November 2025 | Jamuna TV,"news #latestnews #headlines #bulletin আত্মীয় নয়, কিন্তু ঘনিষ্ঠ ব্যক্তি বা ইমোশনাল ...",25,যমুনা টিভি Jamuna TV Jamuna news আজকের খবর Jamuna Television news খবর নিউজ Breaking News news today bangladesh bd news today যমুনা টিভি আজকের খবর jamuna tv live news today latest news latest news today jamuna news today সব খবর shokaler khobor সকালের খবর সকালের খবর যমুনা টিভি সকালের খবর আজকের সকালের খবর jamuna tv jamuna tv সকালের খবর দেশের খবর আজকের দেশের খবর লাইভ দেশের খবর আজকের তাজা খবর 2025 jamuna tv channel khobor jamuna tv channel khabar,news
UFYjWVq6LcE,&#39;I felt helpless&#39; | Cambridgeshire train stabbings eye witness recalls horrific incident,'I stood there praying. I felt helpless. This is not the England I grew up in.' GB News' Mark White reads out a statement written by ...,25,GB News GB News Live GBN Politics UK News Analysis Breaking News News Update World News Reports,news
7itlIpWyEQI,এটিএন বাংলার দুপুর ২ টার সংবাদ | 02.11.2025 | Bangla News | Ajker News | ATN Bangla News,atn #atnbangla #atnbanglanews #updatenews #topnews #todaynews #latestnews #breakingnews #news #khobor #sangbad ...,25,atn bangla news atnbangla atn bangla bangla news google news atn google news ATN Bangla News atn khobor atn breaking news today news viral khobor update news nirbachon viral news trending news latest news live news latest update bd news banglanews bdnews latestnews jamaat news bnp news election news news trending youtube trending নিউজ খবর সংবাদ atnbd atn bd news জুলাই সনদ স্বাক্ষর july sonod manikmia avenue,news
RNwt2o8azv4,"24 Oras Weekend Livestream: November 2, 2025 - Replay","Panoorin ang mas pinalakas na 24 Oras Weekend ngayong Sabado, November 2, 2025 Mapapanood din ang 24 Oras Weekend ...",25,Vertical: news genre: newscast genre: breaking format: live source: video type: broadcast series: 24 Oras Weekend person: Ivan Mayrina person: Pia Arcangel GMA News today Philippine News gma news latest 24 Oras kuya kim jessica soho interview emman atienza GMA News live today November 2 2025 24 Oras weekend live november 2 2025 24 Oras live today november 2 2025 Undas 2025 #Undas2025 GMA undas 2025 coverage Bagyong Tino Bulkang kanlaon lagay trapiko,news
gBmRgj5I1EY,Trucking scandal ERUPTS over illegal drivers,American Truckers United co-founders Harvey Beech and Shannon Everett join 'Fox & Friends' to expose how illegal immigrants ...,25,Fox News Fox & Friends trucking scandal illegal immigrants unqualified drivers American Truckers United U.S. licenses controversy Harvey Beech Shannon Everett immigration crisis border security trucking industry driver safety foreign invasion whistleblowers exposed report government failure transport safety breaking news illegal drivers investigation US trucking system Fox News exclusive national security risk US border,news
mxzdD2q5xsk,【LIVE】夜のニュース（Japan News Digest Live）最新情報など｜TBS NEWS DIG（11月2日）,11月2日（日）の夕方から放送された最新のニュースをダイジェストでお届けします。 #ニュース #news #live #tbs #japan ...,25,NEWS ニュース TBSNEWS 報道 日本 Japan 最新ニュース japan live tbs livenews,news
_Fjcou9w1ko,Редакция News: 193-я неделя,"Новая Редакция News! 18+ НАСТОЯЩИЙ МАТЕРИАЛ (ИНФОРМАЦИЯ) ПРОИЗВЕДЕН, РАСПРОСТРАНЕН И (ИЛИ) ...",22,редакция пивоваров алексей пивоваров редакция пивоварова конфликт в украине запуски посейдона и буревестника новые военные законы удар по белгородской дамбе хинштейн против балицкого котел под покровском сша начнет ядерные испытания конфликт сша и венесуэлы сша борются против наркотрафика музыканты петербурга за решеткой проблемы с мессенджерами в россии telegram и whatsapp блокируют поклонская сменила имя в казани не умеют пользоваться унитазом,news
D02FDmmCupE,সময় সংবাদ | বিকাল ৫টা | ০২ নভেম্বর ২০২৫ | Somoy TV Bulletin  5pm | Latest Bangladeshi News,ncp #shaplakol #tribunal #bnp #julysonod #somoytvbulletin সময় সংবাদ | বিকাল ৫টা | ০২ নভেম্বর ...,25,somoy tv bulletin Somoy TV News election news update somoy tv news bulletine news bulletin today news today top bd news bd news today Today Top News Somoy Tv Somoy News bnp somoy news somoy tv news sports news national news jamaat july charter Somoy TV NCP Latest News Bangladesh News nahid islam ncp election commission politics tribunal symbols bd politics shapla koli,news
C-tdbHoSopU,අද දෙරණ 6.55 ප්‍රධාන පුවත් විකාශය - 2025.11.01 | Ada Derana Prime Time News Bulletin,Disclaimer: This video contains visuals taken from external sources solely for news purposes Ada Derana | ශ්‍රී ලංකාවේ ...,25,AdaDerana News TvDerana Sri Lanka Colombo News sri lanka news news today news derana news ada derana ada derana news news sri lanka news now adaderananews ada derana latest news derana news 2025 today news,news
ALNqwbdKPOA,AO VIVO: Acompanhe as principais notícias do dia na Record News,Inscreva-se no canal da Record News no YouTube: http://www.youtube.com/recordnews ACOMPANHE A RECORD NEWS ...,25,jornalismo recordnews aovivo record news record news record tv record tv ao vivo record news ao vivo record ao vivo notícias record ao vivo agora online record ao vivo agora record news ao vivo agora recordtv recordtv ao vivo a fazenda a fazenda news a fazenda de graça ao vivo gottino reinaldo gottino luiz bacci cidade alerta balanço geral fala brasil jornal da record hora news link news jornal da record news news das 10 jornal ao vivo jornal tse,news
pAnRCk0pzpU,"ABC World News Tonight with David Muir Full Broadcast - Oct. 8, 2025","Mary Bruce reports on Pres. Trump announcing on social media that Israel and Hamas ""both signed off"" on the first phase of a ...",25,news breaking news live news daily news world news us news,news
ehmmIXQ8boo,"Dismissal ng kaso vs. Sen. Joel Villanueva, isang &quot;secret decision&quot; – Ombudsman Remulla","Subscribe to our official YouTube channel, https://bit.ly/2ImmXOi Be the first to know about the latest updates on local and global ...",25,untv untv news untv news and rescue untv news today latest news update balita latest news today latest news philippines balita ngayon hearing Pbbm vp sara sara duterte Ferdinand marcos duterte philippines news breaking trending news update news ph news today hataw balita ito ang balita senate hearing press con press briefing flood control flood control projects,news
szzjPFaRIqM,"Jinggoy Estrada, Joel Villanueva react to ICI recommending charges against them | ANC","Top Story: Senator Jinggoy Estrada, who were implicated in the Independent Commission for Infrastructure's (ICI) ...",24,ABS-CBN ABS-CBN News ABS-CBN News Channel ABS-CBN Philippines News PhilippineNews Philippines ANC ANCNews ANC 24/7 ANC PH ANC TopStory TopStory #ANC_Livestream English News Latest News News Update channel:ANC24/7 series:ANC_Livestreams genre:politics genre:society genere:economy format:report format:digital type:broadcast type:livestream source:video source:audio ANC Digital Ron Cruz Denise Dinsay #TopStory Local Foreign PM News October 29 2025 10292025news YT0psCael,news
c0u2igR5XxA,New war exhibition in Russia displays battered U.S. tanks taken from Ukrainian frontlines,"In Moscow, NBC News' Keir Simmons visits a state-run museum displaying Russian trophies, including NATO tanks brought back ...",25,,news
fB62lN2ybrw,President Trump makes an announcement on nationwide crime crackdown,President Donald Trump hosts a roundtable with law enforcement and administration officials to discuss the successes of the ...,25,Fox News Channel FNC Fox News News Media media breaking news white house washington dc politics us homeland security president donald trump administration roundtable discussion livestream crime crackdown police law enforcement,news
qVEh-lVQrsE,News 1st: Prime Time Tamil News - 8 PM | (28.10.2025) சக்தியின் இரவு 8 மணி பிரதான செய்திகள்,NewsfirstTamil #TamilNewsSriLanka #SriLankaNews News 1st: Prime Time Tamil News - 8 PM | (28.10.2025) ...,25,sri lanka news tamil sri lanka news breaking news sri lanka latest breaking news news from jaffna tamil news lanka tamil tamil lanka news இலங்கை செய்தி தமிழ் இலங்கை செய்தி இலங்கையிலிருந்து சமீபத்திய செய்தி உடனுக்குடனான செய்தி இலங்கை யாழ்ப்பாணத்திலிருந்து செய்தி தமிழ் செய்தி இலங்கை தமிழ் breaking news tamil jaffna news TamilComedy TamilMusic TamilMovies TamilCulture TamilFood TamilFashion TamilSports TamilTravel TamilFilmFestival SriLankaFilmFestival,news
wRaWLAF-fWs,এটিএন বাংলার টপ নিউজ । সকাল ৯ টা । 02.11.2025 | Top News | Today News | BD News | ATN Bangla News,atn #atnbangla #atnbanglanews #updatenews #topnews #todaynews #latestnews #breakingnews #news #khobor #sangbad ...,25,atn bangla news atnbangla atn bangla bangla news google news atn google news ATN Bangla News atn khobor atn breaking news today news viral khobor update news nirbachon viral news trending news latest news live news latest update bd news banglanews bdnews latestnews jamaat news bnp news election news news trending youtube trending নিউজ খবর সংবাদ atnbd atn bd news জুলাই সনদ স্বাক্ষর july sonod manikmia avenue,news
k9loI9gISrE,"Fox News Highlights - October 31st, 2025",Laura Ingraham and Greg Gutfeld bring Fox News viewers their fresh takes on the top news of the day. #foxnews #news #us #fox ...,25,Fox News Channel FNC Fox News News Media breaking news usa fox news channel hannity youtube voter registration ruling citizenship proof order illinois courthouse arrests ice policy bill jd vance meme virginia governor race winsome sears campaign trump rally virginia new jersey governor poll election integrity debate,news
CL3dTECP8d8,"Blue Jays lose World Series after historic run | CTV National News for Saturday, Nov. 1, 2025",Subscribe to CTV News to watch more videos: https://www.youtube.com/ctvnews Connect with CTV News: For live updates and ...,25,CTV News CTV News CTV National News,news
FizdWo9QR5E,Mike Johnson gets NIGHTMARE news ON AIR over Epstein files,BREAKING #news - Mike Johnson confronted on air for refusing to swear in Democratic lawmaker For more from Brian Tyler ...,25,Trump Republicans Democrats brian cohen politics news,news
g_2a9irZcdA,Sky News host mocks George Stephanopoulos for on air fact-check,Sky News host Rita Panahi has mocked ABC anchor George Stephanopoulos for being fact-checked on air over current turkey ...,25,,news
Gf89q-EZrWY,"Today news 🔴 nepali news | aaja ka mukhya samachar, nepali samachar live | Kartik 12 gate 2082.","Today news nepali news | aaja ka mukhya samachar, nepali samachar live | Kartik 12 gate 2082 | 10/29/2025 nepali news ...",25,samachar pati samacharpati samacharpati news samacharparty.com samacharpati.com,news
w9CL6JUkttM,Trump looks to fund SNAP as 1.2M veterans rely on food assistance,Mission Roll Call CEO and retired Army Lt. Col. Jim Whaley shares how veterans are being affected by the ongoing shutdown as ...,25,Donald Trump FNC Fox Fox News Fox News Channel Jim Whaley News SNAP benefits Trump democrats shutdown economic hardship federal funding food assistance funding for snap government shutdown military families politics president trump shutdown snap snap funding trump trump shutdown trump snap veteran support veterans welfare programs,news
YBMY9VtMyFM,"ABC World News Tonight with David Muir Full Broadcast - Oct. 24, 2025",Martha Raddatz reports on the dramatic escalation in what Pres. Trump calls his war on drug cartels after the Pentagon deployed ...,25,Letitia James Mamdani Neutrogena Trump US abc abc news bus canada children crane collapse davir muir drug cartel flames headlines ice investigation; Mom p_cmsid=2494279 p_vid=news-126853580 tariff the latest war weather wn wnt world news tonight,news
wBmzUDu8tQM,හිරු සවස 6.55 ප්‍රධාන ප්‍රවෘත්ති විකාශය - Hiru TV NEWS 6:55 PM LIVE | 2025-10-29 | Hiru News,හිරු සවස 6.55 ප්‍රධාන ප්‍රවෘත්ති විකාශය - Hiru TV NEWS 6:55 PM LIVE | 2025-10-29 | Hiru News ...,25,Hiru news hiru tv news hiru news live hiru tv news live news hiru tv hiru news today hiru news today live hiru news yesterday hiru 6.55 hiru news 6.55 hiru news 6.55 pm hiru news 6.55 live hiru news 6.55 today hiru news 6.55 today live 6.55 6.55 news 6.55 news live 6.55 news today 6.55 hiru news 6.55 hiru news live 6.55 hiru news today hiru tv news 6.55 pm live හිරු සවස 6.55 ප්‍රධාන ප්‍රවෘත්ති විකාශය හිරු සවස 6.55 hiru news 2025-10-29,news
LIdz9_GroNM,Live: ଆସିଲା ବାତ୍ୟାର ନୂଆ ଟ୍ରାକ୍ | batya news today|Cyclone news today odia | cyclone update Odia news,Live: ଆସିଲା ବାତ୍ୟାର ନୂଆ ଟ୍ରାକ୍ | batya news today|Cyclone news today odia | cyclone update Odia news ...,25,News18 Odia Odia News18 Bay of Bengal cyclone IMD weather update low pressure Bay of Bengal Odisha weather forecast Bay of Bengal depression rainfall alert Odisha cyclone news today cyclone in odisha cyclone in odisha today news imd rain alert odisha cyclone news today cyclone odisha today news cyclone news odia imd cyclone news cyclone news odisha odisha cyclone news cyclone update news cyclone news update cyclone landfall place cyclone today news,news
YHqpKFaFbyc,Tomahawk Steak Frites!🥩 @ChefRush,,26,,cooking
6Db60rwdOuY,How To Cook Blue Lobster,lobster #joke #shorts.,22,Nick DiGiovanni Cooking Food Chef Recipe Gordon Ramsay Kitchen MasterChef Osmo Salt Viral Viral Recipe Food Hacks Baking Home Cooking Cooking Challenge World Record Guinness World Records Lynja Food Entertainment MasterChef Knife Drop Collab,cooking
hziqTqnleM0,I Cooked Every Bird in the World,Check out MaxJerky here! https://www.maxjerky.com/pages/all-products ————— SUBSCRIBE and RING THE BELL to get ...,22,max the meat guy cooking video recipe video how to cook how to cook meat how to cook chicken how to cook dove,cooking
DBmq18buMIo,My Kids Wanted Cheeseburgers #shorts #cooking #recipe,,22,,cooking
29a7_Y0WIOo,Trying to feed a picky eater #cooking #recipe #foodasmr #food,,22,,cooking
RGDYst6eErY,This can’t be real #recipe #cooking #foodasmr #food,,22,,cooking
xK0tIoqgEIc,"Wagyu, Lobster, Truffles, Uni, Garlic","Japanese A5 Wagyu w/ Truffle Butter, Lobster Tails w/ Uni Butter, DB Mashed Potato's w/ Wagyu Fat #cooking #recipe ...",22,Cooking Recipe Easy recipe Quick recipe Steak Lobster Wagyu,cooking
GZTDYiSWtf0,would you eat this? #asmr #cooking,Best of Zach Choi Foods | MUKBANG | COOKING | ASMR Check out my TikTok: http://www.tiktok.com/@thezachchoi Check out ...,22,asmr  zach choi zachchoi zach choi asmr mukbang 먹방  쇼  이팅  사운드  korean asmr asmr eating asmr eating no talking asmr mukbang asmr mukbang no talking,cooking
JBJBLztz_CM,Eat the Balls dammit! @GugaFoods @patrickzeinali #cooking #chef #funny #cooking #viralvideo #yum,,24,,cooking
AvhZLBxrH4A,Oklahoma Onion Smash Burger! 🍔 🧅,,26,,cooking
IHDX1eVP-_Q,Fried chicken sandwich with meat ball 😋,,24,,cooking
MPqR0Q4i1D0,Tajio&#39;s Ultimate Grand Line Curry Cook-off!🍛 #shorts #onepiece #curry #sanji,Don't forget to subscribe to my channel!,22,one piece one piece curry one piece food one piece recipe japanese curry curry one piece recipes one piece episode 133 one piece cooking one piece cookbook alvin one piece babish one piece one piece curry recipe one piece marine curry one piece sanji curry one piece tajio curry sanji curry one piece red new one piece recette one piece one piece bento one piece foods one piece characters one piece episode how long one piece one piece netflix,cooking
5bevi_0v6wU,I Cooked Against Robots,"The last robot was CRAZY... Neo is a REAL robot! As a disclaimer, it can operate and do many actions on its own but some of the ...",22,Nick DiGiovanni Cooking Food Chef Recipe Gordon Ramsay Kitchen ASMR MasterChef Osmo Salt Salt Bae Learn To Cook Knife Drop Cookbook Kid-Friendly Kid’s Recipes Kid’s Cooking steak meat expensive YouTubers MrBeast Feastables Jimmy Viral Hot Ones 100 Days Mark Rober Robot Cooking Challenge,cooking
dv7BDkQmvhA,How to Cook with Ice 🧊,"Leave a like, subscribe & hit the notification button! Business Inquiries: jetbentlee@gmail.com.",22,,cooking
tCNiIbnJ9BI,Fishing🔥 #fishing #cooking #survival #carpfishing #food,,22,,cooking
BKjPYqFC05g,Expensive Chicken Sandwich #cooking #food #foodasmr #recipe,,22,,cooking
1e_KgK1TI48,THE REAL SPAGHETTI O’S ​@cookingwithkian,,24,,cooking
wx67BStCv94,3 Levels of Ramen!?!,,26,,cooking
Z34V_z5g3i8,Grilling the JUICIEST Steaks in The Mountains! Wilderness BBQ,"https://homewild.shop/ - Special Knives, Delicious Food, Cookware and Stylish Clothes! Grilling juicy steaks in the mountains ...",26,wilderness wilderness cooking recipe cooking Outdoor cooking outdoor cooking relaxing video village cooking cooking video cooking outdoors cooking food cook recipe video unique recipes how to cook village recipes juicy steaks recipe grilling meat in mountains outdoor steak cooking rustic bbq method primitive cooking open fire meat recipe steak cook steak steak recipe grill grilling how to grill steak grill azerbaijan how to cook steak cooking steak,cooking
QqbvtthHC9c,Cooking MASSIVE Green Lobster,,15,,cooking
zWPC9Wsy98g,Best of Cooking in my Room Videos #12,Find my recipes here! ➡ https://substack.com/@lazypot Stay Connected with me: https://www.snapchat.com/add/lazypotnoodle ...,24,food cooking mukbang food asmr asmr food cooking asmr asmr cooking dorm cooking cooking in my dorm room lazy pot lazy pot noodle lazypotnoodle lazypot foodie foodies easy recipes,cooking
hMBzGRSnTEQ,Top Korean Street Food 🍗 Fried Chicken Drumstick and Noodles in Mini Kitchen 🍗 Tina Mini Cooking,"Hey hey, chefs and real mini food lovers! Welcome to Tina Mini Cooking the cutest tiny kitchen ever! Here, we make real ...",24,tina mini cooking tina miniature cooking tina mini food food miniature mini food tiny food mini cooking miniature cooking tiny cooking miniature food tiny mini cooking mini kitchen tiny tina comida miniatura mini comida mini cooking real food the best seafood recipes best korean street food recipes for seafood lovers tina seafood recipe fried chicken drumstick noodles fried chicken baked chicken street food easy chicken recipes eating noodles,cooking
DeQgPVO40aE,D is for dumpling #cooking #recipe #foodasmr #food,,22,,cooking
oLJJQapdp1M,I’m not sorry Gordon Ramsay #cooking #food #foodasmr #recipe,,22,,cooking
morRuYfpE5o,Cooking With The Rizzler ​⁠@ItsRizTV,,24,,cooking
_CzcObq4Q9o,Should I listen to my kids??? #shorts #cooking #recipe,,22,,cooking
8k-NAnVusSc,Can TEENAGERS Cook? (Breakfast edition),Would you eat this breakfast? GRAB MY COOKBOOK!: https://geni.us/BeyondMeasureCookbook Connect with me on Discord: ...,19,,cooking
alg9ydZDre0,Fast food burrito showdown #recipe #cooking #foodasmr #food,,22,,cooking
jXhAKnX3emQ,Only Cooking With Dollar Tree vs. Aldi Ingredients,"Today, we're making two identical dishes with ingredients bought from two different grocery stores! Watch more Grocery Store ...",24,mythical kitchen mythical chef josh scherer nicole food taste test snack smash fears fancy fast recipe culinary cooking cook bake baking mythical chef josh culinary bro-down good mythical kitchen,cooking
O27nLt1BRa8,Spicy noodles from @lumpiaqueen #shorts,,22,,cooking
MOTPMbYNDl8,I Cooked the ‘Wagyu’ of EVERY Animal,Exclusive Offer: Use the code MAXTYPHUR for 15% off your Typhur Sync Gold wireless thermometer! Typhur.com➡️ ...,22,max the meat guy cooking video recipe video how to cook how to cook meat wagyu of lamb what is the highest quality lamb wine fed wagyu sunflower seed fed wagyu what does olive fed wagyu taste like how to cook wagyu the wagyu of every animal iberico pork is iberico pork better than regular pork how to cook rabbit how to cook goose how to spatchcock a turkey What is the best type of wagyu champagne d'argent rabbit carabinero shrimp king crab,cooking
WjhKqLguRKY,Why Sliders Are Better Than Burgers #shorts #cooking #recipe,,22,,cooking
WP8EMyoWUlM,I Cooked For A Lion,"Watch to the end to see me cook for a lion! Please read, because this is very important to me. Throughout this entire video, ...",22,Nick DiGiovanni Cooking Food Chef Recipe Gordon Ramsay Kitchen ASMR MasterChef Osmo Salt Salt Bae Learn To Cook Knife Drop Cookbook Kid-Friendly Kid’s Recipes Kid’s Cooking steak meat expensive YouTubers MrBeast Feastables Mark Rober Ratatouille Animals Lion Bear Zebra Giraffe Parrot Rat Monkey Zoo Animal I Cooked For Every Animal I Cooked For A Lion Porcupine Turtle Penguin,cooking
9FLFC19T2p4,No B.S cooking episode 1,,26,,cooking
VrydNMFT8f4,would you eat this? #asmr #cooking,Best of Zach Choi Foods | MUKBANG | COOKING | ASMR Check out my TikTok: http://www.tiktok.com/@thezachchoi Check out ...,22,asmr  zach choi zachchoi zach choi asmr mukbang 먹방  쇼  이팅  사운드  korean asmr asmr eating asmr eating no talking asmr mukbang asmr mukbang no talking,cooking
Ef16KZFk1jA,Chicken Parm Sandwich! @itsQCP,,26,,cooking
EeuRbuqV_4k,Perfect loaded fries #foodasmr #food #recipe #cooking,,22,,cooking
CjPFxnBexAo,$412 vs $29 Steak Dinner: Pro Chef &amp; Home Cook Swap Ingredients | Epicurious,Professional chef Frank Proto and home cook Lorenzo are swapping ingredients and hitting the kitchen to make a steak dinner.,24,beef beef steak cheap steak cheap steak dinner cooking challenge easy steak dinner epicurious expensive steak expensive vs cheap food expert chef frank proto homemade steak dinner how cook steak perfectly how to cook steak dinner how to steak ingredient swap make steak dinner pro chef vs home cook pro chef vs novice chef steak steak and potatoes steak dinner steak dinner recipe steak recipe,cooking
JnQF4JBe3js,Village Pilaf — Cooking Beef and Vegetables over Fire 🔥🥩,"Hello dear friends! Today we're cooking a hearty village-style pilaf with beef and vegetables, prepared outdoors over an open ...",24,village pilaf beef pilaf recipe rustic cooking outdoor cooking traditional pilaf countryside cooking homemade pilaf farm to table authentic recipes wood fire cooking beef and vegetable pilaf rural kitchen heritage cooking organic ingredients village food hearty meals one pot recipe campfire pilaf village rice dish rustic beef recipe open fire cooking traditional rice pilaf rural food traditions outdoor food recipe heritage village cooking,cooking
4MIJpa3d9r4,Chili Crab Pizza @ChefRush,It was real item Ji Li Crab Pizza. Inspired by famous Singaporean Chili Crab Dish. The result was incredible! But it was most ...,26,shorts food recipe tasty dinner snack lunch,cooking
Wo0smJajSuM,Full English Breakfast 🥓🍳🇬🇧 #Shorts,,22,,cooking
6cHmqx8NqqQ,I hate being asked this #cooking #recipe #foodasmr #food,,22,,cooking
oDh58oNhJLs,Why hasn’t anyone done this #cooking #foodasmr #food #recipe,,22,,cooking
Yds3ehHEaFM,꿀주부의 32가지 요리 모음집 | 누구나 쉽게 따라할 수 있는 집밥 | ASMR Cooking | Cook with me,"여러분 안녕하세요, 꿀주부입니다. 이번 주는 그동안 많은 분들이 요청해주셨던 집밥 요리 모음집 여섯 번째 이야기를 준비했어요.",26,asian recipes cook with me healthy recipes what i ate in a day yt:cc=on 꿀주부 살림 요리 요리모음 집밥 집밥 레시피 집밥 만들기 집밥요리 vlog cooking kimchi recipe korea vlog asmr cooking 집밥 먹방 집밥만들기 healthy asian recipes 모닝루틴 kitchen what i eat in a day morning routine 동기부여 동영상 morning routines 도시락 만들기 도시락반찬 남편 도시락 밑반찬만들기,cooking
E_gckbY2HjE,Cooking Every EXOTIC Salmon,Check out MaxJerky here! https://www.maxjerky.com/pages/all-products ————— SUBSCRIBE and RING THE BELL to get ...,22,max the meat guy cooking video recipe video how to cook how to cook meat,cooking
1l7QG5IZtgY,"Mac ‘n Cheese Kentaco, Singapore #shorts",Research says it's real menu item in Singapore. Great Combo! #chicken #kfc #usa #friedchicken #cheese #howto #food ...,26,,cooking
pSgzTEI-ksI,Trying Viral Recipes #cooking #food #foodasmr #recipe,,22,,cooking
f9jePqf6qms,I Cooked the World&#39;s SPICIEST Peppers,"Today we're cooking with the world's most exotic hot peppers… from Deathridge Chocolate to the Deceiver to XP, we're maxing ...",22,max the meat guy cooking video recipe video how to cook how to cook meat i tried the world's spiciest peppers i tasted the hottest peppers in the world scotch bonnet peppers i cooked with the world's spiciest peppers i ate the world's hottest peppers trying spicy peppers hot peppers the hottest scoville peppers in the world spicy peppers from around the world spicy food trying spicy food,cooking
eZ-iSuiBkZE,Me when I’m cooking…,,24,,cooking
Hfp8ZgkN85M,We have food at home. @cookingwithkian,,24,,cooking
7zIaB6jQADM,I HaTe GaMiNg!!.. So i ate My Setup 😡🎮 (Gaming ASMR),,24,,gaming
3A3wvTr5h4Y,Gaming ＞ Sleep,,24,animated shorts animation bogg boggo boggs cartoon comedy funny land of boggs landofboggs shorts the land of boggs thelandofboggs boe gaming game dark souls elden ring animated 2d short youtube sleep tired,gaming
ZggspAgMsyE,New Blue Mercedes G63 For Parking - 3d Driving Class android game || Car Game #gameplay #cargame,New Blue Mercedes G63 For Parking - 3d Driving Class android game || Car Game #gameplay #cargame 3d Driving Class ...,22,,gaming
GYHUVVtE9xI,GTA 6 Will Start A Console War,LIKE AND SUBSCRIBE ❤️ All Links https://beacons.ai/builtbygamers MERCH https://shop.builtbygamers.gg Become an ...,20,gta 5 gta 6 grand theft auto gta 6 gameplay grand theft auto 5 gta 5 online gta 6 map gta 6 news gta 5 rp crime syndicate gta 6 vazamento gta 6 speculation gta 6 leaked gameplay gta 6 leak gta online gta v skizzleaxe ghilliemaster fivem gtamen grand theft auto 6 gta 6 release date vice city gta 6 trailer gta 6 leaks gta 6 details gta 6 info gta 6 leaked gta 6 rumors gta 6 information news lspdfr gta 6 lucia gta 6 delay gta vi,gaming
I3xYHYuMqZU,"Terrible News, Cloud Gaming is Good Now",DeleteMe International Plans: https://international.joindeleteme.com/ Get 20% off DeleteMe US consumer plans when you go to ...,28,ltt linux linus techtip tech tips gaming PC computer nvidia amd geforce now streaming netflix 5080 5090,gaming
fLrHmH9byMk,I-is that Kyle Crane!? 👁️👄👁️‼️,Drop a LIKE and SUBSCRIBE if you enjoyed the video! Remember To Click The Bell so you don't miss an upload   ...,20,What is Dying Light The Beast about Is The Beast a sequel to Dying Light 1 How to control the beast form Kyle Crane Best skills to unlock in Dying Light The Beast Is Dying Light The Beast worth it 2025 How does The Beast connect to Dying Light 2 All endings guide Dying Light The Beast How long to beat Dying Light The Beast Will The Beast have co-op multiplayer What happened to Kyle Crane after The Following Dying Light The Beast performance PS5 Xbox PC DL The beast beast,gaming
MxSog0rv5Lg,The Game of Life🎮,"Welcome to the energetic and funny ISSEI Channel!! Please subscribe if you like this videos, and hit the Like button and Share!",24,,gaming
cqbsVbQZV4E,பண்ணையார் RANCH SIMULATOR SOUTHWEST #4 Live Tamil Gaming,Sponsor TamilGaming https://www.youtube.com/channel/UCCPWi_OwWMR5JTiujn7v-7g/join Google Pay UPI ID: ...,20,Tamil Ranch Simulator Tamil Ranch Simulator Gameplay Ranch Simulator Farming Tamil Ranch Simulator Funny Funny Tamil Farmer Game Tamil Story Ranch Simulator Tamil Gaming Tamil Gaming TamilGaming,gaming
jVtpyCxekg0,Testing FAKE Steal a Brainrot Games..,"100k ROBUX GIVEAWAY IN MY NEW GAME ""DUMP"" DISCORD https://discord.com/invite/dumpgame ⚠️NEW CAYLUSBLOX ...",20,caylusblox caylus roblox caylus caylus gaming caylus infinite infinite lists calus callus calis roblox caylus horror caylus scary caylus scariest caylus scary myths caylus creepy caylus roblox horror caylus roblox scary Fake steal a brainrot games Caylus steal a brainrot,gaming
9U5wFtO0JtI,SWIMMING In A SHARK INFESTED POOL.. (Full Game),WISHLIST Waterpark Simulator - https://store.steampowered.com/app/3293260/Waterpark_Simulator/ Waterpark Simulator ...,20,infinite lists infinite gta 5 caylus gta 5 caylus gta 5 mods caylusblox caylus roblox caylus infinite caylus horror caylus vr caylus gta 5 caylus tomo SWIMMING In A SHARK INVESTED POOL.. (Full Game) CAYLUS horror CAYLUS Roblox Sharks & Minnows Sharks and minnows,gaming
Z-BJqO1nUSQ,I Filled My Base With SECRETS in Steal a Brainrot!,I Filled My Base With ONLY SECRETS in Roblox Steal a Brainrot! SUBSCRIBE! Ben Azelart: @BenAzelart Julien Azelart: ...,20,ben azelart julien azelart stay wild minecraft gaming stay wild reacts stay wild gaming,gaming
6qMJwRPKu3A,New Thompson X Gun In FreeFire 😨 Auto Headshots And Unlimited Ammo🔥  - Free Fire Telugu - MBG ARMY,New Thompson X Gun In FreeFire Auto Headshots And Unlimited Ammo   - Free Fire Telugu - MBG ARMY Munna Bhai ...,20,free fire ki video free fire free fire telugu free fire india official garena free fire official ff garena free fire free fire new update telugu munna bhai gaming mbg army team mbg ff telugu advance server ff telugu ff ob50 update telugu ff new pet telugu OB51 FF Telugu New Booyah Animation In FreeFire New Character In FreeFire Munna Bhai Exploring New OB51 Update In FreeFire In Telugu FreeFire OB51 Update In Telugu New Winchester Gun In FreeFire mbg,gaming
SndtCyADem0,Top 3 Funniest Horror Game Screams (Bro got a whistle voice😭💅) #horrorgame #horrorgameplay #funny,Top 3 Funniest Horror Game Screams     Get ready for some side-splitting screams! We're talking about the absolute Top 3 ...,20,Top 3 Funniest Horror Game Screams (Bro got a whistle voice😭💅) Funny Horror Game Screams Whistle Voice Scream Hilarious Gaming Screams Horror Game Reactions Funny Gamer Screams Comedy Funny Gaming Fails Best Scream Compilations Laugh Out Loud Gaming YouTube Shorts Gaming Viral Gaming Screams Horror Game Bloopers Player Reactions Funny Gaming Comedy Moments Funny Horror Gameplay Horror Game Funny,gaming
5mtCUTUNzs0,How PROS Optimize Nvidia Control Panel For Gaming! 🔧 (Boost FPS &amp; Zero Delay),"In today's video, I'll show you how pros optimize the NVIDIA Control Panel to boost FPS, lower input delay, and make games feel ...",20,nvidia control panel nvidia control panel settings best nvidia settings how pros optimize nvidia nvidia optimization guide nvidia settings for gaming best nvidia control panel settings nvidia fps boost lower input delay fortnite fps boost reduce input lag optimize nvidia for gaming nvidia tweaks boost fps nvidia how to optimize nvidia control panel fortnite optimization pc optimization for gaming nvidia settings 2025 peterbot peterbot nvidia settings,gaming
2NXzomVttR4,🔴 TRỰC TIẾP: ADC STREAM - SAIGON PHANTOM vs FPT X FLASH | CHUNG KẾT TỔNG | ĐTDV MÙA ĐÔNG 2025,adcgaming #adc #lienquanmobile #liênquânmobile Chúc các bạn xem live vui vẻ. Cảm ơn mọi người đã theo dõi và ủng hộ ADC ...,20,team flash top 1 rừng no1rừng số 1 đường rừng Moba liên quân liên quân mobile garena trùm solo best nak adc channel adc gaming thần đồng top1,gaming
XZBh3itO7NM,Online Game Gone Wrong 🎮 #gaming  #fail,,24,,gaming
zz_kh-VjvrM,SATVIK PRANKED DESI GAMERS AMITBHAI &amp; _____ BHAI,Desi Gamers Amitbhai aur Total Gaming Ajjubhai ke dost Munna Bhai Gaming ke sath ye kya ho gaya? SATVIK.,20,,gaming
rEn4DJmPRZ8,I Played EVERY Fortnite Rip-Off,I Played EVERY Fortnite Rip-Off SUBSCRIBE ​⁠@RoyaltyGaming1 SUBSCRIBE To Royalty Family ...,20,royalty gaming royalty family gaming ferran gaming ferran gaming channel royalty gaming channel royalty gaming video games royal ali ferran royalty palace ferran ali ferran one shot ali ferran challenge the royalty family royalty family roblox ferran roblox royalty family roblox jordan matter dhar maan rebecca zamolo girlfriend fortnite v bucks ferran fortnite i played fortnite I Played EVERY Fortnite Rip-Off fortnite ripoff rip-off,gaming
L3Yz4U4XHlM,One Of The Best Horror Games I’ve Played…,CaseOh X Starforge https://starforgepc.com/CaseOh GamerSupps -10% off Code CaseOh - https://gamersupps.gg/ Merch ...,20,gaming caseoh caseohgames case funny streamer horror horror gaming scary jumpscare,gaming
ZSoVITizfAI,Age of Apes ads review new level: Monkey war begins #games #gaming #funny,,20,,gaming
GyO1MtLhyt0,Ramp Car Racing - Car Racing 3D - Android Gameplay,Ramp Car Racing - Car Racing 3D - Android Gameplay Mahindra Bolero Driving | Indian Gadi Wala 3D Game #06 Realistic Car ...,24,gameplay android android games android gameplay driving simulator simulator simulator games android game android 2021 King Games Ramp Impossible Ramp Car Stunts Racing 2021 Impossible Mega Tracks 3D Ramp Car Stunts Racing Simulator impossible mega tracks 3d car stunts racing tracks 3d 3d simulator vertical mega ramp gameplay gaming aadii car racing racing car Mahindra Bolero Driving | Indian Gadi Wala 3D Game #06 Realistic Car Game,gaming
8ZwhtDXhzUc,I Played Fortnite Using ONLY TEMU Gaming Products,I Played Fortnite Using ONLY TEMU Gaming Products SUBSCRIBE ​⁠@RoyaltyGaming1 SUBSCRIBE To ...,20,royalty gaming royalty family gaming ferran gaming ferran gaming channel royalty gaming channel royalty gaming video games royal ali ferran royalty palace ferran ali ferran one shot ali ferran challenge the royalty family royalty family roblox ferran roblox royalty family roblox jordan matter dhar maan rebecca zamolo girlfriend fortnite v bucks ferran fortnite i played fortnite I Played Fortnite Using ONLY TEMU Gaming Products temu products temu,gaming
r3OUIq_qLGc,Horror games then vs. now,shorts Horror games then vs. now Join my discord server: https://discord.gg/nYAdBdtsCh Contact info (business inquiries only ...,24,Shorts shorts,gaming
o7CHV8Osx-M,A Game About Digging a Hole,The entirety of A Game About Digging A Hole in one sitting. I uncover every secret beneath the earth. It's not what you think down ...,20,a game about digging a hole digging mining markiplier secrets 100% completion ending full game easter egg,gaming
iRU7Hvu2OIg,Minecraft Day 11 - Revealing My New Dream House Theme 😍 !!,Thank you for watching Like   Share   and Subscribe♥️ Makkale   ...,20,,gaming
kwFgd38jNYQ,THE BOYS DUMBEST PROP HUNT GAME YET...,MERCH: https://theboys.store/ GET GAMER SUPPS: https://gamersupps.gg/theboys HOT SAUCE COMING: ...,20,The Boys Gaming The Boys Gaming The Boys React The Boys Extra Mully Molly MullyVR Eddie EddieVR special edd Juicy juicyfruitsnacks Narrator YourNarrator Josh Joshdub Dubdaddy VR no no square the brush Comedy the boys group prop hunt the boys prop hunt,gaming
v8ZBis7QaPE,FINDING THE FLOW AGAIN! ❤️‍🔥| TOURNAMENT HIGHLIGHTS 💛| ADMINO GAMING |,Thanks For Watching Do subscribe for more….. And don't forget to follow me on Instagram for the latest updates ...,20,,gaming
dODiz0qgNKQ,GTA 5 : PETER ENDED MICHAEL&#39;S FAMILY || BB GAMING,new channel link -https://www.youtube.com/@BBGAMING_2.0 BBISLIVE -https://www.youtube.com/@BBISLIVE VLOG CHANNEL ...,20,brown boy gaming gta5 gtav gta 5 videos hindi GTA 5 bb gaming gta v bb gaming new video gta bb video gaming gta 5 bb gaming new gta 5 gta new video game new,gaming
TljmNx3YK60,গরিব থেকে কোটিপতি পার্ট 98 | Free Fire Sad Story | Dibos Gaming,Take love from my heart Business mail dibosbusiness@gmail.com background music Disclaimer: This is a Gameplay Video made ...,20,dibos gaming dibos gaming funny video garena free fire free fire bangla funny video Bangla cartoon free fire bangla free fire bangladesh free fire dibos gaming gta 5 bangla gameplay dibos gaming cartoon video bangla golpo gorib primis part 98,gaming
xgJDlJNaN_0,A gamer’s life #gaming,,20,,gaming
y6xUDVmtS8E,Minecraft RTX: What if ~85 NOPE NOPE NOPE #Shorts,Join this channel to get access to perks: https://www.youtube.com/channel/UC2gJotBXDcyOY-Ny6yDxtZg/join Minecraft is a ...,20,Tiktok animated short film animation art comedy fun funny games gaming live meme memes minecraft shorts tiktok trending youtube shorts viral parody enteirtainment minecraftbut minecraft in real life minecraft meme minecraft short rtx minecraft rtx realistic ticktock minecraft hd tik tok youtube short loop creeper star wars enderman iron golem 3d animation steve best animation minecraft but minecraft animation mining furnace #fyp #fypシ fyp #asmr minecraft movie,gaming
Yld2TNWjGvY,Benefits Of Gaming 😱,facts #factaholic #factholic #factoholic.,27,,gaming
DBqp0q8Jn2Q,Dodgers vs. Blue Jays World Series Game 7 Highlights (11/1/25) | MLB Highlights,"Dodgers vs. Blue Jays World Series Game 7 full game highlights from 11/1/25, presented by @EssilorUSA Don't forget to ...",17,mlb baseball sports mlb highlights sports highlights baseball highlights,gaming
dksFbUymcAA,Ultimate Royal Going Crazyy 😍 Wmax is Live | BGMI,Device - Iphone 16 pro max. Headphones - Iphone wired. Here you watching pure 2018's player gameplay of Wmax !,20,Max is Live Bgmi gameplay Pubg mobile gameplay FASTEST 3 FINGER PLAYER BGMI 1V4 CLUTCHES BGMI Bgmi montage Pubg mobile montage Bgmi 1v4 clutch Bgmi tips and tricks Bgmi 1v4 gameplay Pubg 1v4 clutch Bgmi new update Bgmi new royal pass,gaming
TGWnUjGhBGI,Golden criminal bandal dabdaba Hai Bhai Y GAMING ka power💪 of Y GAMING Squad   🔥,Golden criminal bandal dabdaba Hai Bhai Y GAMING ka power   of Y GAMING Squad #criminal #squad #ygaming #trending ...,20,Golden criminal bandal dabdaba Hai Bhai Y GAMING ka power💪 of Y GAMING Squad   🔥 power of Y GAMING shorts dababa hai Y GAMING ka bhai,gaming
X3ut6mWfMo8,McDonald’s HAS A GAMING CONSOLE!,,24,,gaming
rD7NC6bMZLA,pov: you have to end your game in 99 nights in the forest.. #roblox,Instagram! https://www.instagram.com/notnico.ig/ Cash & Nico Merch! https://cashandnico.com/ #Roblox #Nico #NicoAndCash.,20,Nico Cash Zoey Nico and Zoey Roblox,gaming
NwD3ZHNN4iE,Buying a game for NOTHING /#gaming,,20,,gaming
oKqzTBi0glo,Cutest Dogs Details in Gaming 🐶❤️,Dogs in video games are more than just companions—they're family! From Fallout's Dogmeat to the adorable pups in Nintendo ...,20,gaming generation gta gta 6 gta 6 trailer gta 6 new trailer gta 6 trailer 2 gta 6 release date gta 6 trailer reaction gta 6 gameplay GTA VC gta vc farcry watchdogs,gaming
ZEj1NnnV59E,I&#39;m in a Video Game?,https://marbleitup.com/ The BEST Minecraft server hosting: https://mogswamp.bloom.host/ Patreon: ...,20,,gaming
4t8158JDCLA,The Worst PC Gaming Setup on the Internet,,20,,gaming
EK7Z7WWCbvk,Purchase La Casa Boo #brainrot #roblox #stealabrainrot #games #funny #tungtungtungsahur,,20,,gaming
6SA7tBnmppc,BI HUỲNH SOLO MỞ LUCKY BLOCK CÙNG SNAKE PHẦN THƯỞNG HEADLESS HORSEMAN TRONG STEAL A BRAINROT,"Steal A Brainrot, Roblox dưới cmt nha ae --------------- Nếu mn thấy thích thì đừng quên để lại cho mình 1 like & share cũng như ...",20,blox fruit bi huỳnh gaming bi đại thần thử thách 100 ngày blox fruit thử thách blox fruit 24h blox fruit,gaming
eME9pBAJqqo,Stages of Gaming 🎮,,24,,gaming
bBHUA5uRooI,I got a $550 gaming chair in 2025… #c#carterpcst#techtechtok #gaming #gamingchair,I got a $550 gaming chair in 2025… #c#carterpcst#techtechtok #gaming #gamingchair.,22,,gaming
ICNtItWYMNE,"Survive This Explosion = Win $1,000,000",These explosions could cost me millions in cash lol Run to 7Eleven or Speedway and get the new Feastables Chocolate Milk and ...,20,,gaming
zuPcfbvZLjU,Gaming Console Cheaper Than a Burger 🎮🍔,"A simple gaming console with games like Mario, tank battles, and other childhood classics. Portable with a built-in screen or ...",23,,gaming
C7Ce6ji43vY,TINY GAME MACHINE 🤏🕹️#shorts #youtubeshorts #cricket #unboxing #ball #arcade,VOTE FOR SPONGEBOB BALL ⚾ Join this channel to get access to perks: ...,22,shorts youtube unboxing techno gamerz shorts sourav joshi vlogs box of vengeance shorts ball unboxing box of vengeance giveaway ball collector box of vengeance ball collection ball collector new video box of vengeance ball collector new shorts ball collector shorts ball collector new ball collector latest video ball collection video ball collector new ball unique ball collector unique ball collection scam small retro arcade cabinet mini arcade machine mini,gaming
z4xAwyOYIdM,Karma ☠️😈 #shorts #scary #granny #ytshorts #nostalgia,,20,,gaming
xBm4UAdTU8g,Game Life Vs Real Life Indian Bikes Driving 3d #gamingshorts #shorts #viralshort,Game Life Vs Real Life Indian Bikes Driving 3d #gamingshorts #shorts #viralshort.,20,,gaming
_BHjXykHhYU,Kindergarten Sight Words: Yes | ABCmouse #learning #education #sightwordsforkids #kindergarten,Visit https://ABCmouse.com/LearnMore to find out more about our award-winning online learning program for children 2–8!,27,abcmouse.com abcmouse abc mouse abc mouse kids learning games preschool prek kindergarten TV school teacher headstart ABC's early academy childhood education family parents online ESL reading math phonics music art books songs puzzles printables mathematics numbers shapes curriculum children phonemic vocabulary,education
Gh-XKNuvvC4,Learning With Blippi At Kinderland Indoor Playground For Kids | Educational Videos For Toddlers,Blippi plays and learns at an indoor playground. Learn colors and words with Blippi at the play place. Blippi makes educational ...,24,Blippi Blippi videos Blippi play place Blippi playground Blippi colors Videos for toddlers Blippi learn colors blippi indoor blippi dinosaur blippi ball pit,education
SxJaL_wWI0I,Basics in Behavior/ANIMACIÓN BY K∆TIE FUNDAMENTAL PAPER EDUCATION 🤍,https://youtu.be/B_UjTv6eH4I?si=Orv7CzAyRG7wPc5h.,22,,education
KiwIqjcgSQw,Self Education: Your Best Defense Against Brain Rot,"Do you have trouble focusing? Is your memory shot? Do you feel like your mind just isn't as sharp as it used to be? Yeah, me too.",27,anti brain rot anti brainrot anti-brainrot autodidact brain rot brainrot classical education critical thinking cultural enrichment growth mindset how to be an autodidact knowledge expansion knowledge seeker lifelong learner lifelong learning personal development personal growth personal growth journey reclaim your brain reclaim your mind self education self improvement self learning self-education stay smart teach yourself well read,education
HJLNtge8jv4,Blippi Learns Colors &amp; Letters For Kids With Clay | Educational Videos For Kids,"Join Blippi in this fun learning arts and crafts video for kids! Blippi learns all about textures, colors, shapes and art in this fun ...",24,Blippi Blippi Videos educational videos for kids arts and crafts videos arts and crafts for kids art for kids art videos for kids play doh play doh videos for kids how to make play doh playing with play doh blippi play doh superheroes play doh blippi clay and play blippi arts and crafts blippi songs blippi colors colors for kids learning colors rainbow colors,education
BihhMsr4CCk,"Toddler Learning Videos | Kids Learn to Count, Shapes &amp; Colors Educational Videos For Toddlers","This video will help toddlers and kids learn colors, numbers, and counting! It will prepare them for preschool, kindergarten, and ...",27,learn children toys music babies listen playhouse educate education playing play kids learning family kid friendly preschool activity activities best learning video best video for kids read count colors color color match learn to read phonics learn phonics certified teacher kids learn abc toddler learning video first words for toddlers,education
COIw9e834Ag,Learn Food For Kids | Blippi And The Chocolate Factory | Educational Videos For Children,Blippi visits the chocolate factory and learns all about how chocolate is made! Join Blippi in this educational compilation for kids ...,27,Blippi Blippi Toys Blippi Videos blippi food blippi bakery blippi food for kids food for kids food videos for children healthy eating for kids blippy blipi blippe flippy blippi chocolate chocolate for kids chocolate videos learning food for kids blippi learning blippi explores,education
BWdXN0wwi6A,Opposite Words for Kids | Educational Video For Toddlers and Preschool | Children Learn Opposites,"Opposite words are a fun and effective way to learn new words! This exciting learning video helps toddlers, preschoolers, and ...",27,educational videos for toddlers for kids kids education opposite words learning opposites preschool education opposite for kids opposite words in english opposites for children english opposite words antonym for kids learn opposites opposites words for kids preschool toddler education opposite words for kindergarten antonym words children songs kids entertainment videos toddler learning video rv appstudios lucas and friends opposite words song,education
lca179N9a30,"Educational Preschool Toys for Kids - Learn Words, Colors, Songs, Animals, and More!","Educational Preschool Toys for Kids - Learn Words, Colors, Songs, Animals, and More! Today we've got three great educational ...",1,best learning video for toddlers for kids colors teach colors educational learning teach kids kids toddlers rainbow learn words preschool music songs nursery,education
T9ViFtzplf8,"ABC Song, Counting Numbers &amp; Learn Colors For Kids + More Educational Videos For Toddlers","Teach ABCs, Numbers, Colors, Tracing Alphabets to Phonics. Get ready to listen to our compiled ABCD songs, counting ...",27,educational videos learning videos colors for kids kids education kids learning rhymes ABC Song abcd count to 10 alphabet song learn alphabet children songs colour color song numbers song 1 to 10 learn to count counting 123 song 123 numbers song learn numbers abc phonics song counting numbers 1-20 nursery rhyme songs for babies songs for kids Lucas and Ruby baby songs RV kids RVAppStudios toddler learning video toddler songs,education
LLsqo5THFAE,Learning With Blippi At An Indoor Playground For Kids | Educational Videos For Toddlers,"Blippi makes educational videos for kids, and in this Blippi playground compilation Blippi will help your children learn colors and ...",24,blippi blippi videos educational videos for kids blippi indoor playground blippi play place blippi kids playground blippi colors blippi shapes learning colors for kids learning shapes for kids educational videos for toddlers blippi popsicle blippi sink or float blippi trucks blippi songs 1 hour of blippi blippi full episodes,education
DdNAUJWJN08,Noam Chomsky - The Purpose of Education,"Noam Chomsky discusses the purpose of education, impact of technology, whether education should be perceived as a cost or an ...",27,lwf12 learning education teaching technology assessment purpose lwf noam chomsky democracy superstructure,education
YLmTvwjJ9qo,Educational Video for Kids | Animal Video for Kids | Atrin &amp; Soren Explore and Learn Animal Homes,"In this fun and educational video, we explore the incredible world of animals and their homes! Whether it's burrows, nests, ...",24,kids fun youtube kids videos for kids atrin atrin and soren animals atrin and soren soren niakn educational video for kids animal video for kids Animal Homes animal house Burrows Nests Caves Dens Treehouses Shells Wildlife Nature Habitat Underground Animal Shelter Animal Behavior Natural Homes Wildlife Exploration Videos de animales educativos para niñas बच्चों के लिए शैक्षिक पशु वीडियो обучающие видео о животных для детей فيديوهات تعليمية عن الحيوانات للاطفال,education
KVLTxKyxioA,"The Science of Teaching, Effective Education, and Great Schools","Scientific evidence suggests that the secret to thriving students and a good education are amazing teachers. To teach with us, gift ...",27,education learning science teachers instructor teaching,education
50HbumBoe1Q,Toddler Learning Video With Lucas &amp; Friends | Fun Educational Video for Toddlers To Learn New Words,"Help your toddler learn new words, join Lucas and Ruby from Lucas & Friends as they teach new words while making your toddler ...",27,learn prepositions learn english videos for kids english prepositions position words learning english educational video for kids prepositions of place prepositions for kids for kids english grammar preposition for kids prepositions in english grammar learning videos for toddlers kids education preschool education toddler learning video preposition lucas and friends lucas & friends rv appstudios educational videos for toddlers,education
xk94il8L820,Trump vs. Higher Education: Last Week Tonight with John Oliver (HBO),"John Oliver discusses Donald Trump's war on higher education, the history of right-wing attacks on what universities research and ...",24,,education
L96V9lOo8ec,Learn With Blippi At The Discovery Children&#39;s Museum | Educational Videos for Kids,Blippi heads to the children's museum for the day to learn in this video for toddlers. Blippi will learn about various things at this ...,24,Blippi Blippi Toys Blippi Videos Educational videos for kids kids tv shows blipi,education
4NkNrGwqsiE,Learn Shapes &amp; Numbers Wooden Slider Tumbling Toys | Preschool Kids Learning 3D Educational Toddler,Watch Learn Shapes & Numbers Wooden Slider Tumbling Toys | Preschool Kids Learning 3D Educational Toddler. #learnshapes ...,27,Learn Shapes & Numbers Wooden Slider Tumbling Toys Preschool Kids Learning 3D Educational Toddler learn shapes shapes song shapes for kids learn colors shapes videos for kids learn numbers learning videos shapes and colors learn to count educational videos kids videos shape song preschool learning colors colors for kids learn shapes for kids triangle abc song shapes songs kids learn children songs kids song super crazy kids,education
bO7WlJLMTSw,FUN Kindergarten Learning Songs! | 90 Minutes of Educational Kindergarten Songs | Jack Hartmann,Fun Kindergarten Learning Songs by Jack Hartmann is 90 minutes of educational songs for kindergarteners. Sing and move ...,27,Kindergarten Learning Songs Kindergarten Learning Songs Jack Hartmann Jack Hartmann Jack Hartmann kindergarten Jack Hartmann 90 minutes Kindergarten Songs Jack Hartmann learning songs abc song jack hartmann letter sounds jack hartmann jack hartman,education
vhg01ouDE-U,ABC Surprise Box | Learn Alphabet A to Z | Educational Cartoon | Sheriff Labrador | BabyBus,Subscribe for new videos every week! https://www.youtube.com/channel/UCpYye8D5fFMUPf9nSfgd4bA?sub_confirmation=1 ...,27,babybus cartoon baby cartoons baby baby cartoon for kids cartoons cartoon for kids kids cartoon police cartoon funny cartoon kids stories police officer sheriff labrador safety cartoon safety tips kids safety tips vlad and niki Sheriff Educational ABCs Good Habits Safety Tips Educational Cartoons for Kids Good Manners Sheriff's at Cinema Educational Videos ABC Surprise Box Learn Alphabet Alphabet A to Z Learn Alphabet A to Z kids diana show,education
fAoAV6nTrEs,Learn Colors For Kids | What Color Is It? | Educational Video For Babies &amp; Toddlers To Learn Colors,"Enjoy a fun and hilarious sing-along song all about colors made just for kids! Lucas, Ruby, and their adorable friends join in to ...",27,lucas and friends lucas & friends for kids educational videos colors for kids learn colors educational videos for toddlers preschool learning videos kids education learn colors for kids kids educational cartoons educational videos for kids colors color colors name learning video for toddlers kids vocabulary toddler learning video colour fun with colors teach colors learning colors rv appstudios rvappstudios color song,education
hJP5GqnTrNo,How AI Could Save (Not Destroy) Education | Sal Khan | TED,"Sal Khan, the founder and CEO of Khan Academy, thinks artificial intelligence could spark the greatest positive transformation ...",28,TEDTalk TEDTalks TED Talk TED Talks TED technology education AI teaching kids Sal Khan,education
Q_lXws-cBHA,Kindergarten Sight Words: Little | ABCmouse #learning #education #sightwordsforkids #kindergarten,Visit https://ABCmouse.com/LearnMore to find out more about our award-winning online learning program for children 2–8! Watch ...,27,abcmouse.com abcmouse abc mouse abc mouse kids learning games preschool prek kindergarten TV school teacher headstart ABC's early academy childhood education family parents online ESL reading math phonics music art books songs puzzles printables mathematics numbers shapes curriculum children phonemic vocabulary,education
y3fm6wNzK70,John Dewey’s 4 Principles of Education,We made a book! The Unschooler's Educational Dictionary. Order your copy now ...,27,education learning science sprouts,education
UAOTWYppb8Q,Tons of Great Educational Toys for Toddlers!,"Best Learning Compilation Video for Babies & Kids: Preschool Learning Toys to Teach Babies, Kids and Toddlers! Half Hour Long ...",1,best learning video learning videos for kids best compilation video compilation videos for kids preschool toys educational toys learning toys teach kids learn colors learn counting preschool learning fun toys kids play baby toys toys for babies videos for babies best videos for babies toddler learning video kids videos for kids video learning preschool learning videos toddler videos babies kids learning videos preschool,education
OMRASCzuqH8,Diana and Roma - the best educational stories for children,"Diana and Roma teach colors, names of fruits and vegetables and learn the rules of how you can and how you can not behave.",24,diana and roma,education
op4C2TypclE,A Transparent Ocean: What If? + more videos | #aumsum #kids #science #education #children,"Buy AumSum Merchandise: http://bit.ly/3srNDiG Website: https://www.aumsum.com Firstly, submarines would lose one of their ...",27,aum aumsum aum sum it's aumsum time smart learning for all education science Secondary School (School Category) animation school learn learning kid kids children What if Oceans were Transparent what if what if oceans,education
05dcZUK_k7I,Blippi Visits a Zoo And Learns About Animals! | Educational Videos for Kids,Blippi becomes a zookeeper for a day and visits the Zoo. Blippi learns about animals for children and toddlers for a day.,24,Blippi blippi videos blippi zoo blippi animals san diego zoo biggest zoo in world worlds biggest zoo blippi safari safari for kids zoo for kids animals for kids blippi zoo animals blippi jungle animals educational videos for kids learning for kids blipi blippy blippi san diego zoo blippi visits blippi explores kids tv shows zoo kids educational education learning blippi new blippi blippi colors learn colors blippi farm blippi pets cats dogs animals,education
8iAYou8v8hA,Learn To Count With Dinosaurs｜Animals For Kids｜Home Learning｜Early Education｜Toddler Fun Learning,Love Gecko's Garage and Toddler Fun Learning? Subscribe to our YouTube channel for more truck videos for toddlers ...,27,trucks for kids school bus bobby the bus buster the bus little baby bum go buster educational videos for toddlers jolly fun learning video playground mechanicals fixing vehicles dinosaur learn to count toddler learning video home schooling toddler learning dino shapes learn dinosaurs,education
q1xNuU7gaAQ,The Five Senses | The Dr. Binocs Show | Educational Videos For Kids,Learn about the Five Senses with Dr. Binocs. Hey kids! Here's Dr. Binocs with a bag of five senses. Do you know what are the five ...,27,five senses of human being what are the five senses sensory organs of human beings learn about the five senses five senses video for kids educational videos for kids Dr. Binocs learn series for kids interactive learning preschool learning kindergarten learn series learn series for kids between 6 – 12 makemegenius basic science concepts for kids peekaboo super simple songs hoopla kids,education
U-7THjkQdbg,What is the Future of Education? Freakonomics’ Steve Levitt &amp; Google Chief Technologist Ben Gomes,"What will the future of education look like in a world increasingly shaped by AI? Join Steve Levitt, Freakonomics co-author and ...",28,AI Tech AI News Artificial Intelligence Machine Learning AI Tools Prompt Engineering Technology Generative AI Deep Learning AI Explained learning ai artificial intelligence tutorial ai explained learn ai learn ai with google future of education artificial intelligence in education Steve Levitt Freakonomics The Levitt Lab Ben Gomes education technology edtech reimagining education future of learning AI and education technology in schools,education
yBj9Qlpwjcs,Learning with Ms Rachel | Learn Words and Colors for Toddlers | Educational Kids Videos | Animals,"Learn with a real teacher, Ms Rachel! You can trust Ms Rachel because her program is backed by research by and designed to ...",27,learning ms rachel toddler learning learning with ms rachel learning with blippi educational videos for toddlers learning with blippi at kinderland indoor playground for kids speech delay blippi play and learn video learn colors toddler learning video words videos for toddlers speech therapy learn colors for kids learn colors for toddlers cocomelon nursery rhymes circle time preschool songs for littles autism learning videos surprise eggs animals educational,education
GwEjuhpo26o,How AI is Ruining Education For Everyone,"Download Airalo free today, and use my code COLE3 for $3 USD OFF your data plan: https://try.airalo.com/colehastings ...",22,cole hastings ai cheating ai in education ai teachers why ai is ruining education ai essays student using ai students using ai students using chatgpt students using ai in the classroom students using ai to write essays ai writing detection why ai is bad for education ai is ruining everything ai artificial intelligence video essay gen z ai college students using ai ucla grad ai ucla grad chatgpt chatgpt essay,education
AIu83Llt858,Why is dry ice so dangerous? | #aumsum #kids #science #education #children,Buy AumSum Merchandise: http://bit.ly/3srNDiG Website: https://www.aumsum.com Dry ice is basically solid carbon dioxide.,27,smart learning smart learning for all smartlearning animation teacher student school lesson education science Secondary School (School Category) Chemistry dry ice Why is dry ice so dangerous ice dry why is dry ice hot why is dry ice used in ice cream carts why is dry ice so cold why is dry ice bad why is dry ice used in grignard reaction why is dry ice so hard to find aum aumsum aum sum it's aumsum time,education
ctQfCUY1CdA,"Meet the Animals 44 min | Shark, Alligator, Cheetah, Fox, Bear, Gorilla | Educational Videos",You can check out our stories on the Little Fox YouTube channel. SUBSCRIBE : https://url.kr/wf97sk 00:00 Intro 00:05 Meet the ...,27,littlefox kids english stories animation children for kids for children educational 리틀팍스 영어동화 어린이 애니메이션 meet the animal shark bear Fox animal for kids Shark alligator cheetah fox,education
zUTZEk32tc8,Tab Time: How Things Grow | Preschool Learning | Educational Videos for Kids | Toddler Activities,"Hey kids! Join Ms. Tab for Tab Time - it's a total treat! Today, Ms. Tab and Avi the Avocado are curious about how things grow ...",24,,education
iWaXjgDEfj0,The Five Senses and more 1 hr kids educational learning video!,The Five Senses and more 1 hr kids educational learning video!,24,Ryan's World Ryan ToysReview the five senses kids learning learning video 5 senses colors of the rainbow how do rainbows form educational video 1hr kids video 1 hr kids learning video 1 hour kids learning kids learning video kids educational video,education
OJ_5Kc7aQEo,I Got Into Education Edition,follow my twitter so i can set-up more collabs @camman18_: https://twitter.com/camman18_ also i stream on twitch every week ...,24,camman18 camman18 minecraft minecraft minecraft manhunt minecraft speedrun minecraft but minecraft but i cant touch grass minecraft but challenge minecraft challenge minecraft mod minecraft speedrunner camman18 shorts minecraft but you cant touch the color minecraft but you minecraft how to minecraft facts minecraft seed minecraft rarest whats the rarest minecraft whats the rarest 100 days minecraft 1.18 minecraft 1.19 minecraft update canman camman,education
VslaQ8WX-uY,1 OR 2? Fundamental Paper Education,Commission are Avalible! https://raidiculous.carrd.co/ Please contact me via discord (@rchallenger_rai) ...,20,,education
72dc8VxyoqE,America&#39;s Education Crisis,Ready to increase your protein without adding unnecessary calories? Head to https://davidprotein.yt.link/9UxcRWy to get a free ...,22,cole hastings americas education crisis education crisis literacy crisis america naep scores ai essays ai homework ai in school gen alpha worst generation gen z gen alphas education crisis why education is failing formal education teaching crisis elite college students cant read kids cant read the kids cant read education crisis in america america's education system america's education problem why college isn't worth it video essay gen alpha,education
XcpTgxDEe6w,English compound words for kids #learning #english #easy #education,"Let's learn English! In this video you will learn compound words such as: Pan cake, Milk shake, Hot dog, Pop corn. Learning ...",24,Tutorial Activity Craft Song Children Entertainment Fun Stories Cooking,education
ZvCT31BOLDM,"The American Literacy Crisis, Explained",Go to the link: https://imprintapp.com/jared-henderson to get 20% off an annual membership The United States is undergoing a ...,27,,education
qhCBqPwGXJo,Man exposes the entire education system 🥶,Welcome to Quotivation - your top source for daily motivation and personal growth! We focus on delivering powerful motivational ...,22,,education
IttkDYE33aU,Eric Prydz vs Pink Floyd - Proper Education (Official Music Video) | Ministry of Sound,ministryofsound #ericprydz #pinkfloyd #propereducation Eric Prydz vs Pink Floyd - 'Proper Education' is available to stream ...,10,Ministry of Sound Dance Music Electronic Mos New Music 2006 Ministry of Sound 2006 New Dance Music 2006 Dance Music 2006 Official Music video Eric Prydz Pink Floyd Proper Education Call on me Electro Dance House,education
4CaVN9nvJhk,Kindergarten Sight Words: Funny | ABCmouse #learning #education #sightwordsforkids #kindergarten,Visit https://ABCmouse.com/LearnMore to find out more about our award-winning online learning program for children 2–8!,27,abcmouse.com abcmouse abc mouse abc mouse kids learning games preschool prek kindergarten TV school teacher headstart ABC's early academy childhood education family parents online ESL reading math phonics music art books songs puzzles printables mathematics numbers shapes curriculum children phonemic vocabulary,education
4IIAIvPjHWA,Ellie Eva &amp; Eric Learn Science with Balloon Pop Experiments for Kids,"Uncle Jim, Ellie, Eva, and Eric do the science experiment ""Pop or No Pop!"" Uncle Jim conducts fun balloon experiments to see if ...",24,toys and colors ellie eva eric balloon experiments science for kids pop or no pop static electricity balloon tricks fun science kids experiments Uncle Jim educational fun balloon challenge kids science show learning with balloons fun experiments kids learning balloon popping,education
ksmhlwkaPeY,Ruby and Bonnie Moral Stories with educational lessons for kids | 1 Hour Video,Ruby and Bonnie Moral Stories with educational lessons for kids | 1 Hour Video 00:00 Ruby and Bonnie shows the importance of ...,24,ruby and bonnie moral stories for kids,education
ytgu8uX76JA,Play Safe at the Waterpark! Learn Safety Rules | Educational Videos &amp; Cartoons For Toddlers,"Get ready for a splash of fun and learning! In this colorful and engaging cartoon, toddlers and young children will learn the most ...",27,children video kids nursery rhymes toddlers educational family friendly 3d cartoon animation songs babies fun funny series lyrics action tv live playlist learn pre scholar waterpark safety safe rules tips pool swimming slide ring height weight tall short opposites prescholar toddler oppsoites big small life jacket sink drawn jump push water gun careful run balloon fight park playground friend red colors help camera boat sore high heels eat big belly heavy weigh daddy dive baby water,education
EyOA-cfhcCI,Do You Know Your ABC&#39;s Like Blippi? | Learn and Play | Educational Videos For Kids,Blippi is here to help you learn the alphabet with letter boxes. Learn all 26 letters of the alphabet with Blippi while he opens the ...,1,Blippi abcs alphabet Blippi videos Blippi letters Blippi Toys learn the alphabet educational kids toddlers children kids videos kids entertainment colors shapes fun Nursery Rhymes kids songs preschool learn colors learn shapes learn numbers tractors fire trucks learning learn Educational Videos for Kids kids learning videos abc kids video videos for kids education Baby Songs kids tv animals videos for toddlers Learn the Alphabet with ABC Boxes,education
6kbWeh6YoPY,Present - Past Tense 📖🔥 #english #grammar #education #learning,,27,english english grammar english language english speaking english tips english vocabulary tense education daily learning english best english class youtube shorts british english american english,education
42wfEs7oIP8,CORTIS (코르티스) &#39;FaSHioN&#39; Official MV,CORTIS (코르티스) 'FaSHioN' Official MV The 1st EP 'COLOR OUTSIDE THE LINES' Out Now!,10,HYBE HYBE LABELS 하이브 하이브레이블즈,fashion
5dNxz9VmYq0,#beautifulwoman #prettywoman #ootd #fashion #dress #model #usafashion #streetstyleusa,,22,,fashion
Ft0SsoG8GIw,CORTIS (코르티스) &#39;FaSHioN&#39; (Color Coded Lyrics),All Rights Administered by Bighit Entertainment. • Artist: CORTIS (코르티스) • Song ♫: 'FaSHioN' .,10,jaeguchi color coded lyrics lyrics 가사 노래 girlgroup boygroup audio mv dance translation color coded line distribution,fashion
JV2qYzAVbSc,when you know how to sew👀🧵🪡 #fashion #fashiontrends #shorts  #tiktok #siblings,My Amazon Storefront! (items y'all asked about!) https://tr.ee/x6fkK58J2g ଘ(੭ˊᵕˋ)੭ ੈ♡‧₊˚ let's be friends !･ﾟ✧ instagram ...,24,fashion fashion trends tiktok funny tiktok trends shorts funny tiktoks compilation outfit transformation thrift with me thrifting vlog how to dressing tips tips deb smikle jaidabunni ur mom ashley,fashion
XWMtpCKtAQc,HOW TO ACTUALLY STYLE YOUR CLOTHES bc it’s not the clothes it’s you #styletips #ootd #outfitinspo,,22,,fashion
yycVNcishrE,"Britney Manson - FΛSHION (Single, 2023)","britneymanson #FΛSHION #fashion TRANS TIK-TOK SENSATION, MODEL AND ARTIST BRITNEY MANSON RELEASES ...",10,Britneymanson Nika Kraush Tik tok Tik tok music Runway music Runway show Fashion week Transgender Transsexual LGBTQ Nkraush Britney Manson Bill kaulitz Electronic House music Fashion music Rock Viral songs britney manson live model britney manson Britney Manson - FΛSHION FΛSHION britney manson fashion song britney manson fashion,fashion
ZZ6ylOBauOg,How where you place your clothes can effect how your body shape looks! 💘 #pearshape #fashion,,22,,fashion
SxkODe_Bv5Q,Clothes I BETTER not see at school soon🙏🫶#fashion #school#style #shoes #aesthetic#clothes #cute,,22,,fashion
1iywu81r2nI,THE &#39;IT GIRL&#39; FASHION TREND THIS WINTER,,22,,fashion
qjPelVqFZeg,Guess who’s outfit is who’s (maximalist fashion edition) 🤔,,22,,fashion
kJSKfux2RFo,An easy fashion hack to make a top that’s too big fit you  #shorts,,23,,fashion
u5IhtyOsEzE,CORTIS (코르티스) ‘FaSHioN&#39; Dance Practice (Fix ver.),Connect with CORTIS: https://www.tiktok.com/@cortis_bighit http://instagram.com/cortis https://weverse.io/cortis ...,24,CORTIS 코르티스 BIGHIT MUSIC 빅히트뮤직,fashion
Tc3JNi22jio,Clothes I BETTER not see at school soon 🙏🫶 #clotheshanger #shoes #fashion #styles #school #rickowens,,22,,fashion
THlbNSwO1Dc,CORTIS (코르티스) - &#39;FaSHioN&#39; Official Audio,Provided to YouTube by BIGHIT MUSIC FaSHioN · CORTIS COLOR OUTSIDE THE LINES ℗ BIGHIT MUSIC Released on: ...,22,,fashion
HpXgaOucHfk,[MOVE TO PERFORMANCE] CORTIS(코르티스) - FaSHioN (4K),[무브투퍼포먼스] 코르티스 - 패션 [MOVE TO PERFORMANCE] CORTIS - FaSHioN 퍼포먼스로 보면 더 좋다는 FaSHioN   (2:13) ...,24,CJ100 CORTIS Dance K-Pop Kpop K팝 Live M2 MPD Mnet cortis 댄스 라이브 아이돌 안무 엠넷 엠투 엠피디 코르티스 한국,fashion
RxkjPdtIO2I,Britney manson - fashion (slowed down),The photos and songs used on this website are not owned by the website owner. All copyrights and intellectual property rights for ...,22,,fashion
yqe6QimfmWI,Style 🔄 SWAP! #styling #fashion #1960s #StyleSwap #stylechallenge #aesthetics #angemariano #bffs,,26,,fashion
Hm28zzl7ujQ,every fashion microtrend of 2025 explained,JOIN THE EARLY ACCESS FOR MY BRAND REACH APART: https://www.reachapart.com/ INSTAGRAM FOR MY BRAND ...,26,,fashion
n-dmLwFLYCU,[뮤뱅 원테이크 4K] 코르티스(CORTIS) &#39;FaSHioN&#39; 4K Bonus Ver. @뮤직뱅크(Music Bank) 250912,CORTIS #코르티스 #FaSHioN #원테이크 #원테이크4K More from #KBSKPOP Twitter: https://twitter.com/StudioK_twit Instagram: ...,10,KBS KPOP 뮤직 KBSKPOP K-POP 케이팝 kpop KBSKpop 음악 kbs kpop kbs kbs MUSICBANK musicbank MUSIC BANK studio k 뮤직뱅크 뮤뱅 마틴 아이돌 제임스 코르티스 주훈 성현 건호 MARTIN JAMES JUHOON SEONGHYEON KEONHO 코르티스 뮤뱅 뮤뱅 CORTIS FaSHioN fancam CORTIS FaSHioN CORTIS dkdlfflt CORTIS MUSIC BANK 뮤뱅 코르티스 뮤뱅 직캠 CORTIS fancam 8k 코르티스 직캠 CORTIS musicbank FaSHioN 패션 빅히트 신인 패션 코르티스 FaSHioN FaSHioN 원테이크 원테이크 4k 뮤뱅 원테이크 MUSICBANK ONETAKE,fashion
EU_7eZWOgnk,🍂 November 2025 Milan Street Fashion. Hottest Autumn trends worn by Milanese. Luxury Fashion Vlog,"Experience the elegance of Milan in November 2025 — where the streets become the runway. In this video, we captured the ...",26,Milan street fashion 2025 autumn fashion Milan fall 2025 outfit ideas Milanese fashion trends quiet luxury fall outfits November fashion vlog Italian style inspiration street fashion video Milan street style vlog luxury outfits Italy real street fashion stylish people in Milan what to wear in Italy fall fashion 2025 Europe quiet luxury fashion milan street fashion milan fashion diary italian street style november 2025 street fashion italy fashion trends,fashion
tiOtGgBETCE,CORTIS (코르티스) &#39;FaSHioN&#39; dance cover| OUTFIT from FASHION CHINGU 🤩 #cortis #kpop #shorts,"BIG SALE ALERT 20% discount on FASHION CHINGU now and an additional 10% off with my code ""innah10"" Check the link ...",22,Innah Bee cortis fashion cortis go cortis fashion kpop kpop new hybe cortis live shorts,fashion
y2uL2m3Mpms,Gorgeous irresistible skater dress | Latest trendy fashion styles for ladies #fashion #model #usa,"Ladies, Get Ready to Slay 2025 in Style! Ladies, get ready to turn heads and own every room you walk into! ✨ In this video ...",26,fashion trends 2025 spring fashion 2025 summer fashion 2025 bandage dresses 2025 denim outfits 2025 trendy outfits for women stylish USA fashion fashion styles for summer fashion styles for spring USA fashion inspiration chic fashion 2025 elegant looks 2025 outfit ideas for women fashion video 2025 women's fashion 2025 date night outfits 2025 brunch outfit ideas casual fashion for women trending fashion styles fashionable women USA trending dresses 2025,fashion
yo6GklFH2sg,GEORGES HOBEIKA Spring 2022 Paris - Fashion Channel,GEORGES HOBEIKA Spring 2022 Paris - Fashion Channel Visit and Subscribe to Fashion Channel to find out more!,26,fashion channel fashion week 2021 fashion blogger vogue vogue runway fashion week dress design dress haul clothes shopping sexy underwear underwear women sexy lingerie lingerie sexy runway fashion photo ruview fashion show mall fashion to figure fashion week edit audio halter style dress fashion week 2022 ootd fashion style model fashion stylish new collection styles fashion inspiration streetwear classy designer fashion video jewelry GEORGES HOBEIKA,fashion
w6xA64Wd_f0,FASHION meme || Looey Showtime skins || READ DESC #dandysworld,"bro y'all confused bc what ""Penelitian"" is   It has the same meaning as Research its my language:v it only costs 80 robux to me ...",22,,fashion
RuejOqTkk5g,So true… #fashion #style,,22,,fashion
WVkftpFjIDg,CORTIS (코르티스) &#39;FaSHioN&#39; Conceptual Performance Film,CORTIS (코르티스) 'FaSHioN' Conceptual Performance Film The 1st EP 'COLOR OUTSIDE THE LINES' Out Now!,10,HYBE HYBE LABELS 하이브 하이브레이블즈,fashion
sO4Ep6OmfTo,what cool fashion girls don&#39;t tell you,"the cool fashion girls know stuff that we don't. what is it? let's talk about 19 tiny specific things they think, and do, that make their ...",22,,fashion
oY3z5samcGU,Dumbest Fashion Trends In History,Follow me here: Instagram ▻ https://www.instagram.com/sambucha X ▻ https://www.x.com/sambucha Become a Member: ...,24,,fashion
17nVzpHSDaw,Two people cannot wear the same haute couture collection dress #fashion #fashiontrends,Kendall jenner | kendall jenner walk | kendall jenner | modeling | models | model walk | catwalk | fashion | fashion trends | fashion ...,26,,fashion
Qsju-Oi1w3Y,The 10 essential items to build a wardrobe! #fashion,,22,,fashion
wUDrUdpmF00,8 Outdated Fashion Pieces to Retire This Fall 2025,"Hey my beautiful ladies, hope you all are doing well! Are you still holding onto fashion pieces that are secretly making you look ...",22,how to look classy and elegant Effortless Elegance 2025 Fashion Trends 2025 Style Guide elevated style style tips 2025 fashion hacks outfit transformation look classy on a budget outfit upgrades fashion mistakes making you look old elegant fall outfits 2025 how to look expensive fall 2025 chic wardrobe upgrade fall 2025 outdated fashion trends fall 2025 what not to wear fall 2025 fall fashion trends 2025 fashion mistakes 2025 quiet luxury fall outfits 2025,fashion
gh-QcA3OqH8,She was forced to wear heels at the age of 14😍😍😍#zendaya #lawroach #fashion#heels,,22,,fashion
kYIUvuOigtk,Boys fashion 🤡 vs Mens fashion✨   #oldmoney#oldmoneyaesthetic#menfashion#outfitideas#oldmoneyoutfits,old money casual outfits women old money dress style old money aesthetic outfits women old money summer outfits women old ...,26,Old Money outfits old Money aesthetic mens fashion boys fashion outfits classy outfits formal outfits,fashion
mjdvnHGhxc8,🔴50 TRENDS THAT WILL BE IN STYLE IN 2026!,"50 TRENDS THAT WILL BE IN FASHION IN 2026! In today's video, I'm showing you 50 amazing trends that promise to dominate ...",22,fashionable in 2026 2026 trends 2026 fashion trend 2026 spring-winter color trends 2026 winter colors 2026 color and clothing trends women's fashion 2026 fashion tips 2026 color trends 2026 women's fashion trends 2026 fashion 2026 elegant fashion 2026 50 spring fashion trends 2026 50 fashion outfits 2026 blouses 2026 skirts 2026 pants 2026 50 WINTER 2026 FASHION TRENDS 50 SUMMER 2025 FASHION TTRENDS 50 2026 FASHION TRENDS 50 TRENDS 2026 FASHION,fashion
GuZiqstWfPI,How to Start a Fashion Trend 😘,,24,,fashion
OBQ5YZr0F0Y,CORTIS コルティス 코르티스 - FaSHioN [Music Bank] | KBS WORLD TV 250912,"CORTIS #コルティス #코르티스 #FaSHioN #MusicBank #뮤직뱅크 #ミュージックバンク #音乐银行 Fri 17:05 | Re-run : Sun 04:35, ...",24,kbs kbsworld kbs world KBSWorld KBS kbsworldTV kbs월드 월드TV kbs 월드 world tv KBS WORLD TV MusicBank 뮤직뱅크 뮤뱅 ミュージックバンク 가요 가수 음악 케이팝 KPOP Martin マーティン 마틴 James ジェームス 제임스 Juhoon ジュフン 주훈 Seonghyeon ソンヒョン 성현 Keonho ゴンホ 건호 CORTIS コルティス 코르티스,fashion
BFqMcrCz-aI,Fashion - Lady Gaga Lyrics Video,,22,,fashion
eFeS_6fAQPw,passion for FaSHioN w/ #JamRepublic #KirstenDodgen &amp; #LatriceKabamba #CORTIS #코르티스 #CORTIS_FaSHioN,,24,,fashion
3_Vfuw-zRP4,Have you been pronouncing ‘Versace’ correctly? ✨ #fashion #runway #supermodel,,22,fashion runway model supermodel catwalk gigihadid kendalljenner Versace Versace pronunciation model edits fashion edits trending Shorts,fashion
v2ZNp4D_Vv0,FASHION ✨️// The amazing digital circus x Hoodie AU (Non-swap) #theamazingdigitalcircus #shorts,,1,,fashion
CAuMZPaiCgY,Ageless Over 60 Style Along the French Riviera 🌊 #over60style  #maturefashion #coastalelegance,,22,,fashion
KqMUiwm5JDQ,"Chic &amp; Elegant Fashion for Women Over 40, 50 &amp; 60 #FashionOver50 #TimelessStyle","Explore chic and elegant fashion for women over 40, 50 & 60. Outfits that convey sophistication, beauty, and timeless charm.",22,,fashion
80w3SyCai2o,Straight Men | #men #fashion #mensfashion #parody #comedy #funny #skit #sketch #shirts #shacket #lol,,23,,fashion
9fU60gxNScI,Lady GaGa - Fashion,"Artist: 'Lady GaGa' Song: 'Fashion' Album: 'Confessions of a Shopaholic' Comment, Favourite, Rate, SUBSCRIBE! Enjoy! Lyrics: ...",10,Lady GaGa Fashion the fame album 2009 hq pop pinkstarh Confessions of a Shopaholic soundtrack mother monster music dance,fashion
ew-At6bunec,What’s IN &amp; OUT for Fall 2025! Fashion Trends You Can’t Ignore!,"What's IN & OUT for Fall 2025! Fashion Trends You Can't Ignore! Hello, beautiful people, and welcome back! ✨ Today we're ...",26,,fashion
tMuiiUDY9FI,I tried making 2D clothes!,,26,,fashion
1uJurRtH064,how to ACTUALLY look cute in baggy clothes! for my girls who don’t like tight tops :) #outfitinspo,,22,,fashion
HgeWdt1UJHo,School outfit inspo! ✨ #fashion #outfitideas #ootd #dresscode #schooloutfits #trending #outfit,,22,,fashion
dYE3WSeO5_8,is modest fashion boring? 🤔🥲 #style #lifestyle #body,,24,,fashion
NP-IZkxGTnA,10 Fall Fashion Trends that are going to BLOW UP in 2025💥,"Grab your brooches, cords, and get ready to LAYER up for autumn fashion in 2025! Get a free Cool Gloss on all Jones Road ...",26,,fashion
rNcMFBHikKc,Which sports should we do next? 😂,,17,dude perfect dude perfect stereotypes dude perfect water bottle flip bottle flip water bottle flip dude perfect bottle flip dude perfect basketball dp dude perfect world record edition nerf trick shots trick shot family ping pong bowling clean family friendly bubble wrap soccer football spinner spinners fidget spinners dude,sports
9bv0rBDxVrY,Sports You Never Knew Existed 👀,"Compilation of crazy sports within the world of Red Bull, including Red Bull Fierste Ljepper, Red Bull Slopesoakers, Red Bull ...",17,,sports
nxvy1Ob1QBw,When NBA Players switch sports 🔥,TikTok: https://www.tiktok.com/@gdfactoryclips TikTok 2: https://www.tiktok.com/@gdextraclips Instagram: ...,17,nba players playing other sports nba players playing different sports lebron james michael jordan stephen curry lebron football highlights jordan baseball stephen curry golf nba,sports
szeXkBYq5HU,Beach Bunny - Sports (Official Audio),"Official Audio for ""Sports"" by Beach Bunny Beach Bunny's album 'Emotional Creature' Out Now: ...",10,music emo surf indie pop power pop sad music lofi rock punk happy chicago music chicago tunes beach bunny beach bunny remo drive remo drive sports Lili Trifilio,sports
1af7esCt-Yc,Perfect pass 😤 #worldathleticschamps #running #sports #usa #relay,Subscribe to our channel - https://www.youtube.com/worldathletics ⭐️ Watch exclusive videos on Inside Track ...,17,World Athletics worldAthletics IAAF Athletics World Championships track and field,sports
52iN7no-qpE,The MOST impossible finish in NBA history #shorts,"via @gdfactoryclips (TikTok) ✓ SUBSCRIBE, LIKE & COMMENT! ---- TikTok: https://bit.ly/3vwM3gn Instagram: ...",17,nba highlights nba highlights today nba extended nba highlights,sports
_lyAEL4Wqao,All Sports Golf Battle | Dude Perfect,Golf... minus the golf. ▻Click HERE for the Altered Course TV show! http://bit.ly/AlteredCourse Special thanks to Golf Channel for ...,17,Dude Perfect dudeperfect dude perfect basketball basketball trick shots trick shots trick shot trickshot epic amazing cool crazy funny panda dude perfect panda iphone game dude perfect game altered course tv show altered course all sports golf battle all sports battle golf battle tv show Golf (Sport) Sports (TV Genre) Battle,sports
eTGDDaK3kK0,This sport looks tough 😱 (via @jaialaileague) #shorts,This sport looks tough (via @jaialaileague) #shorts ✔️ Subscribe to ESPN+ http://espnplus.com/youtube ✔️ Get the ESPN ...,17,espn sports This sport looks tough 😱 (via @jaialaileague) #shorts jaialai #shorts this sport,sports
QjL7D33xpS4,Viagra Boys - Sports (Official Video),From the new album 'Street Worms' out 28th September: https://vb.lnk.to/streetwormsYD Listen to 'Sports': ...,10,viagra boys viagra boys 2023 viagra boys sports sports viagra boys viagra boys sports live,sports
ida4L5cG7d4,India&#39;s hurdle queen Jyothi Yarraji is up for the challenge at 38th National Games | RFYS,India's hurdle queen is on track to set the field on ! We're keeping our for Jyothi Yarraji to set a new benchmark at ...,17,#LetsPlay RelianceFoundation Reliance foundation football grass root youth reliance foundation sports for development csr,sports
kSq5Gfj8PwU,LIGHTWEIGHT STRESSED WATCHING THIS🫣👀 #curling #sports #womenssports (via grandslamofcurling/IG),,22,,sports
8Rx0YvNMwrY,Was he safe or out? 😱🤔 #shorts,(Via fivetoolprospects/tt) #umpire #safeorout #baseball #highschoolsports.,17,,sports
Lx4Cjuv9YrQ,Bro got leveled 😬 (via @packmoneycf3),They don't play around in 37U football #football #footballhighlights.,17,,sports
k391xWc5K7I,Is it just us or are these coaches getting younger and younger? 🤭 🎥: @niadorner,Want to watch live sport and original documentaries for free? Check out our website: https://oly.ch/WatchLiveSport,17,Olympic Games Olympic Medal Olympics Olympic Sports Sport Gold Silver Beijing2022 Beijing 2022 Olympic Games 2022 Olympics 2022 токио 2020 Beijing Winter Olympics Tokyo 2020 Tokyo 2021 olympic games olympic games 2022 olympic games 2020 beijing 2022 olympic channel olympics 2020,sports
VgqwYnhpcxM,The biggest heart ❤️  #shorts #sports #tennis #tennisplayer #delpotro #cute,,17,,sports
5rtUBGbhVpg,When every rep brought you closer to your gold medal. 🥇 #Olympics #Tokyo2020 #Sports #JavelinThrow,Re-live ALL the incredible #Paris2024 action: ➡️ https://oly.ch/P24Replays. #Paris2024 replays: ...,17,Olympic Games Olympic Medal Olympics Olympic Sports Gold Silver Beijing2022 Beijing 2022 Olympic Games 2022 Olympics 2022 Winter Olympics Tokyo 2020 Tokyo 2021 olympic games olympic games 2022 olympic games 2020 beijing 2022 olympic channel olympics 2020 Paris 2024 Paris Olympics Juegos Olimpicos Jogos Olimpicos Olympic Olympic Games 2024 Olympics 2024 Neeraj Chopra Simone Biles Sha'Carri Richardson Noah Lyles Hanyu Paris Mondo Duplantis,sports
_S-KnTnGgsY,How Cricket Changed Sports Forever,"If you're watching the 2023 US Open, you'll see an automated referee system called Hawkeye. More and more sports - tennis, ...",25,,sports
eyvPh_sroFU,GOLDEN JUMP FOR THE PHILIPPINES! 🇵🇭 🏆EJ Obiena soars... | GMA Integrated News,"GOLDEN JUMP FOR THE PHILIPPINES! EJ Obiena soars to his third straight Asian Athletics Championships title in Gumi, ...",25,News GMA News Breaking News Philippines News GMA Integrated News GMA News today GMA Network GMA live today latest news today genre: Newscast genre: Breaking series: GMA News Live topic: interview topic: report vertical: news format: highlight GMA Integrated News live today GMA Livestream today livestream today Philippines Livestream news today Latest news today GOLDEN JUMP EJ Obiena Asian Athletics Championships South Korea,sports
MspjP-ADmn8,CRAZY Moments In Women&#39;s Sports 😯,,17,,sports
qMzO9lL81Cw,Sha&#39;Carri making it look EASY 🏃‍♀️,"Sha'Carri Richardson showed off with a dominant performance at the NYC Grand Prix in June of 2022, winning the women's ...",17,,sports
Pgf5NUsDix0,The BEST entertainment in tennis! 😍,Mansour Bahrami is the most entertaining man in tennis and shows it in the exhibition match of the Australian Open. #Shorts ...,17,,sports
qWAQ4jy9sbg,CRAZY 3-Sport Athlete!!! 😳 🤯 #shorts,"sports #nfl #nba 3-Star Wide-Receiver Vanderbilt commit Kenric Lanier is a GREAT Athlete. He dominated at Football University, ...",17,,sports
1yf7OzfPFiY,What in the world sport is this?! 👀 #shorts,,17,,sports
sA_FtB4Etlg,When things don&#39;t go to plan 🥹 #athletics #sports #relays #japan,Subscribe to our channel - https://www.youtube.com/worldathletics ⭐️ Watch exclusive videos on Inside Track ...,17,World Athletics worldAthletics IAAF Athletics World Championships track and field,sports
xUfVnmu1vuA,1000 IQ play 🧠,smart #wnba #connecticut #basketball #IQ ✔️ Subscribe to ESPN+ http://espnplus.com/youtube ✔️ Get the ESPN App: ...,17,espn sports,sports
4aTX0Ki10pQ,The Dance Freeze Song 5! | Sports Freeze Dance | Scratch Garden,LISTEN to our NEW ALBUM! https://orcd.co/songsinthekeyofbananas The Dance Freeze Song 5 is a super fun ...,27,The Dance Freeze Song Freeze Dance freeze dance for kids party freeze dance party freeze dance song party freeze dance music move and freeze brain breaks for kids in the classroom brain breaks for primary school party song for kids dance freeze dance song for children get kids up and moving sports songs for kids sports dance song brain break brain breaks for kids action songs for kids kids dance songs sports action dance sports warm up songs,sports
sw1zfIApapk,Some sick skate skills! 🛹 🔥 @sisa_solymosyova,Video Credits: @sisa_solymosyova - Make sure to give her a follow! Want to watch live sport and original documentaries for ...,17,Olympic Games Olympic Medal Olympics Olympic Sports Sport Gold Silver Beijing2022 Beijing 2022 Olympic Games 2022 Olympics 2022 токио 2020 Beijing Winter Olympics Tokyo 2020 Tokyo 2021 olympic games olympic games 2022 olympic games 2020 beijing 2022 olympic channel olympics 2020,sports
m_GxCCR6QQE,elite control 🔥 #tylanwallace #baltimore #ravens #nfl,"Watch live local and primetime games, NFL RedZone, and NFL Network on Plus.NFL.com Check out our other channels: NFL ...",17,NFL Football American Football sport sports,sports
nXuNTjUkazQ,&quot;That&#39;s why live sport is better than Hollywood.&quot; 🤩,Re-live ALL the incredible #Paris2024 action: ➡️ https://oly.ch/P24Replays All eyes were on the track for the men's 1500m final ...,17,Olympic Games Olympics Olympic Olympic Sports Gold Silver Bronze 2020 2021 2022 2024 Tokyo Tokyo 2020 Toyko 2021 Beijing Beijing 2022 Paris Paris 2024,sports
G5HKkrXvqRE,What an awesome moment between Willy Adames and this fan 🤗🤗,What an awesome moment between Willy Adames and this fan Don't forget to subscribe! https://www.youtube.com/mlb ...,17,mlb baseball sports mlb highlights sports highlights baseball highlights,sports
UuLHtDhCFP8,HISTORIC GOLD FOR BOTSWANA IN THE MEN&#39;S 400M 🔥 #worldathleticschamps #Botswana #sports,Subscribe to our channel - https://www.youtube.com/worldathletics ⭐️ Watch exclusive videos on Inside Track ...,17,World Athletics worldAthletics IAAF Athletics World Championships track and field,sports
Ict9xRkBt4o,Nobody said relays were easy 💀 #athletics #track #trackandfield #relay,,17,,sports
wAZ24Vt7Yuk,little emma conquering the vault. ❤️#Olympics #Gymnastics #ArtisticGymnastics #Sports,Want to watch live sport and original documentaries for free? Check out our website: https://oly.ch/WatchLiveSport 5 year old ...,17,Olympic Games Olympic Medal Olympics Olympic Sports Sport Gold Silver Beijing2022 Beijing 2022 Olympic Games 2022 Olympics 2022 токио 2020 Beijing Winter Olympics Tokyo 2020 Tokyo 2021 olympic games olympic games 2022 olympic games 2020 beijing 2022 olympic channel olympics 2020,sports
heIKaaamvdc,All Sports Golf with Bryson DeChambeau,All Sports Golf Battle... at Augusta National. Yes... Augusta National. ▻ Come see us on tour! http://dudeperfect.com/tour/ ...,17,dude perfect dude perfect stereotypes dude perfect water bottle flip bottle flip water bottle flip dude perfect bottle flip dude perfect basketball dp dude perfect world record edition nerf trick shots trick shot family ping pong bowling clean family friendly bubble wrap soccer football spinner spinners fidget spinners dude all sports golf battle five battle 5 augusta national club the masters pretty course jim nantz bryson dechambeau,sports
Guxqf_94I6M,Still can’t believe Shaq did this live 🤣,,17,espn sports,sports
NnNZLCl78Ao,"Make This Kick, Win Super Bowl Tickets",,24,,sports
g6s24c3XqLk,Beware of the Tim Southee ball that nips back 👀 #YTShorts #CricketShorts,Subscribe to our YouTube channel @ICC Follow us for more Website - http://www.icc-cricket.com Facebook ...,17,cricket ICC International Cricket Council CWC Cricket World Cup World Cup Women's Cricket Men's cricket cricket highlights cricket fixtures U19CWC Cricket World ICC Cricket World Cup T20 World Cup World T20 World Cup Women's Cricket World Cup Men's Cricket World Cup Men's T20 World Cup Women's T20 World Cup Champions Trophy Australia England India Afghanistan Sri Lanka Ireland Scotland Namibia South Africa Zimbabwe Nepal bangladesh pakistan women cricket,sports
SoaEsTbwBEA,Arch Manning Has a HUGE DECISION to make.. 🚨🏈,nflshorts #story #collegefootball Join us as we cover the story of arch manning and how he's about to face possibly the biggest ...,17,Arch manning Eli manning Peyton Manning Cooper manning Manning brothers Documentary Story Sports documentary Arch manning highlights,sports
xP2sT-nUtM0,Soccer vs. Gymnastics 😂 #gymnastics #soccer #futbol #gymnast #sports #sport #fails #flop #olympics,,20,,sports
aHPpsQbuLQQ,couldn&#39;t have done it any better 😲 #masontaylor #jasontaylor #lsufootball #tigers #nfl #nflcombine,"Watch live local and primetime games, NFL RedZone, and NFL Network on Plus.NFL.com Check out our other channels: NFL ...",17,NFL Football American Football sport sports,sports
-5jlVEOJaLc,That&#39;s how break dancing should be done tbh,,17,dude perfect dude perfect stereotypes dude perfect water bottle flip bottle flip water bottle flip dude perfect bottle flip dude perfect basketball dp dude perfect world record edition nerf trick shots trick shot family ping pong bowling clean family friendly bubble wrap soccer football spinner spinners fidget spinners dude,sports
rQDwS4q4WNk,Women Beat Men In This Sport,"In most traditional sports, men tend to have a physical advantage. Part of that might come from the fact that men have historically ...",24,sports history olympics women's sports swimming track and field fun facts,sports
MP7Ea9qdBto,He wanted to swing. 💥 (📹: albertogonz50 / IG),Raked! Don't forget to subscribe! https://www.youtube.com/mlb Follow us elsewhere too: Twitter: https://twitter.com/MLB Instagram: ...,17,mlb baseball sports mlb highlights sports highlights baseball highlights,sports
N5-nI2V_GS0,"Kid Flips a Baseball Bat, and it LANDS!",What are the odds #shorts.,17,thats amazing that's amazing trick shot trickshots trick shots trick shot shorts shorts thats amazing shorts bat flip impossible odds impossible odd compilation,sports
eNh9tDuau58,Got to love the sportsmanship 🤝💯 #shorts,(via angelserranosports/IG) #football #sportsmanship #athlete #kindness #caring #youthsports.,17,,sports
4MQbQg10dGA,TOP 10 NBA ANKLE BREAKERS OF ALL-TIME!,Get signed up today for the next Courtside Films Camp: https://www.courtsidefilms.com/2024junecamp Follow Us On Social Media ...,17,ankle breaker ankle breakers crossover crossover dribble nba basketball NBA best of all time top plays handles basketball moves white chocolate jason williams swag white boy kevin durant viral kyrie irving kyrie james harden allen iverson ai derrick rose d rose ball is life ballislife overtime strictly bball slam house of highlights humiliating top play tiktok best of the nba,sports
Fanmph17fbw,Insane relay exchange 😮‍💨 #running #sports #viralvideo #fyp #relay #usa #athletics,Subscribe to our channel - https://www.youtube.com/worldathletics ⭐️ Watch exclusive videos on Inside Track ...,17,World Athletics worldAthletics IAAF Athletics World Championships track and field,sports
xNNSn2UVUHc,What kind of sports do you play?😝 #fypシ゚ #viral #shorts #sports #trending #challenge #volleyball,,24,,sports
vwTL0SLEl1M,The New Connector That Beats HDMI and DisplayPort 🤯,,20,,technology
eSucdOAIwrg,5 Most BRUTAL Tech Pranks Ever!,"shorts #tech #prank I spend a LOT of time trying to make my videos as concise, polished and useful as possible for you - if you ...",28,,technology
gkklrVa8amY,The Most Futuristic Tech Of 2025.....,"Dive into the future with us at MWC Barcelona! We've uncovered tech that'll blow your mind, from earbuds that redefine audio to a ...",28,TechWiser,technology
gsJAlLOFBv0,TINY Tech That Actually Works,,28,tiny tech gadgets small miniature,technology
4wZwXhoxRIA,15 Tech Gadgets I Use Every Day #shorts #justicebuys #tech,,22,,technology
82jYblR16QM,4 times tech SURVIVED disaster,"shorts #tech #smartphone #gadgets I spend a LOT of time trying to make my videos as concise, polished and useful as possible ...",28,,technology
qxRxcaPoYpQ,Top 3 most expensive and laxury mobile phone #tech #gadgets #short,"I'm going to tell you about three very expensive mobile phones that not everyone can afford, and they look very cool. Looking for ...",28,,technology
RqMOyTUHDP0,College Tech Essentials,,27,,technology
lCHqmzynO-s,Overrated vs. Underrated Tech,Join my Discord server: https://discord.gg/gohar I'll edit your college essay: https://nextadmit.com/services/essay/ Get into ...,27,,technology
RHtnrzct2RM,The latest Chinese technology trends are amazing,techno #short #technology #newphone.,25,,technology
vfvQ-HRUm8Y,Why Did They Kill Your Childhood Tech?,shorts #tech #technology #techvideo.,28,MKBHD The Studio,technology
VnZG9Zi73wI,Others Technologia Vs TheLastOne 🤯💀,Others Technologia Vs TheLastOne #usashorts #technology #technologia #technologie #usacontent #skulledit #newedit ...,24,,technology
e92Y3yx9u-A,3 Weirdest Minecraft Tech Products,3 Weirdest Minecraft Tech Products.,28,dantic tech gaming minecraft 3 Weirdest Minecraft Tech Products minecraft tech,technology
_KIzFIgzuYQ,China’s Street Tech Looks Like 2050 🚀,"This invention from China proves they're living in 2050. Charging stations—some designed as benches, others as decorative ...",22,,technology
Otim2mDjsYM,Top 17 New Technology Trends That Will Define 2026,"WATCH PART 2 HERE: https://www.youtube.com/watch?v=f-FyMY1LMwI&t=133s In this video, we reveal the top 17 breakthrough ...",28,top 17 new technology trends that will define 2026 technology trends 2026 new tech 2026 emerging technologies 2026 future technology 2026 ai trends 2026 top tech trends 2026 what tech is coming in 2026 new innovations 2026 upcoming tech trends future technology predictions disruptive tech 2026 robotics 2026 biotech trends smart cities 2026 web3 innovations 2026 brain computer interface 2026 tech that will change the world latest technology updates 2026,technology
MBQBY9b6OAU,I Tested Every YouTuber Tech Product,I tested tech products from the biggest YouTubers. Go to https://surfshark.com/boss or use code BOSS at checkout to get 4 extra ...,28,youtuber products mkbhd panels tech mark rober ryan trahan youtube,technology
TaY-jRMbNpk,Huawei Mate XT Hands On! 🔥,Huawei Mate XT Hands On! #huaweimatext #huaweimatextreview #huaweimatexthandson #huaweimatextunboxing #huawei ...,28,huawei mate xt huawei mate xt review Huawei mate xt unboxing huawei mate xt hands on huawei we tech New trending technology folding,technology
KArch4rjU_0,USB in USB #charger #technology #electronic #funny,Maybe stop plugging things into each other to see when they fail!!!,28,,technology
mkcgVN90zl0,This Gadget BRICKS Your Phone!,shorts #tech #gadgets #socialmedia.,28,,technology
ZYIi81NCeU4,Is this the future of technology?! Humane AI looks INSANE! 🤯,"What comes AFTER the smartphone? With the recent announcements from @hu.ma.ne and Apple's “Vision Pro” headset, ...",28,humane apple vision pro humane tech humane AI humane Vancouver apple vr will bowers will.mov willbwrs,technology
ZSsrYRT99Yg,Samsung galaxy s23 ultra miniature unboxing 🤩🤩,,28,,technology
1Nef8LPO-jo,5 ILLEGAL gadgets that will get you ARRESTED,"shorts #technology I spend a LOT of time trying to make my videos as concise, polished and useful as possible for you - if you ...",28,shorts tech,technology
FelN4AKUfJI,Top 3 Best Useful Chinese Gadgets #tech #gadgets #short,I'm going to tell you about three Chinese gadgets that are useless to me but might be 100% useful to you. These gadgets look ...,28,,technology
T-F-vVNVQ50,Coolest New Technologies of 2025,"Coolest DIY Videos ▻ @YouBuildDIY This year's tech unveils are redefining what's possible, blending creativity and innovation to ...",28,you fact tech you fact ufact gadgets technologies CES 2025 ai gadgets,technology
cEoamh4fDRY,iPHONE 17 VS S25 #samsung #tech #technology #android #iphone #techtok,,22,,technology
aDt7WrHTnYw,Other Technology vs The Last One 🧠💡| #edit #technology #newyork #usa,"Note: This video uses edited clips from a source, which I've credited below. If you're the creator of any clip and have concerns, ...",22,edit technology trollface usa,technology
5fKkXFresYI,5 Times Tech has SAVED LIVES!,"shorts #technology I spend a LOT of time trying to make my videos as concise, polished and useful as possible for you - if you ...",28,tech shorts,technology
De7s-IB_DAw,You&#39;re wasting money on Tech.,Leave a comment with how much this saved you :) Go to https://surfshark.com/boss or use code BOSS at checkout to get 4 extra ...,28,money saving finance save money get things cheaper subscription services netflix spotify youtube disney plus apple iphone subscription,technology
7uFrtqSwYzM,APPLE Glass Revolutionizes AR Experience Forever!,"Discover the revolutionary world of augmented reality with the Apple Glass! In this video, we dive into the sleek design, ...",28,apple glasses price apple glasses design vr apple glasses release date apple vr apple smart glasses ar glasses iglasses apple glasses virtual reality apple ar glasses apple glasses concept apple glass price augmented reality apple glass review apple glass apple glasses leak apple ar headset best ar glasses glasses apple glass launch date smart glasses,technology
5upVC6YzQCE,Replacing my 3080 with a 4090 for 4K #gaming. #tech #pc #technology #shorts,Today I have a custom gaming pc that's getting an RTX 3080 swapped out with an RTX 4090. Overkill? Yes! This is my personal ...,28,,technology
nyjuAqhaPaE,New Toilet Technology! 🤣😂 (best animation memes) #shorts,,24,toilet poop toilet technology automatic poop cleaner rico animation funny videos avenu animation funny meme videos,technology
xiv6IE915nc,30 year old IBM ThinkPad puts modern #tech to shame #pc #technology #shorts,This 30 year old IBM ThinkPad shows how important build quality is when it comes to making a laptop last. Back in 1994 this thick ...,28,,technology
9H7v3aG2Exc,5 Most DANGEROUS Tech Products,Do consider subscribing to my Shorts Channel! Main Mrwhosetheboss YouTube Channel: ...,28,shorts tech iphone smartphone hacks mrwhosetheboss technology gadgets,technology
IOVKA9eBzkw,New invention #scienceproject #inventions #technology #tech #shorts,scienceproject #schoolproject #technology #inventions #gadgets #ideas #science.,28,new invention invention DIY project DIY idea homemade invention homemade DIY project shorts youtube shorts trending shorts science project new technology smart gadgets science technology gadgets,technology
ABw-VNs2hdM,Me from the #90s seeing computer technology from today. #nostalgia #90skids #millennials,,28,,technology
2ru4Nsab94w,creators give tech hot takes,We ask @ZachsTechTurf @TechJoyce @nerdonabudget and @MachoNachoProductions for their tech hot takes!,28,,technology
qqeZ5Hcw1Tg,Meanwhile Android 💀,trollface #troll #editing #trending #zqotiz #viralshorts #phonk #aura #sigma #explore #fun #funk #viral #edits #zqotizedits #shorts ...,24,,technology
kl9CvjeaddA,3 Tech Pranks to drive your friends Crazy 😂,Do consider subscribing to my Shorts Channel! Main Mrwhosetheboss YouTube Channel: ...,28,shorts tech iphone smartphone hacks pranks tips tricks phone tips,technology
PtyLfEo7yJs,Why I NEVER Recommend Gaming Laptops #tech #pc #technology #shorts,"What gaming laptop should I buy” is a question I get asked dozens of times a day, and my answer is always the same: Framework ...",28,,technology
x23ACEzhARM,Technology Left The Room 😅😂,Technology Left The Room #mobilerepair #electronics #technology #soldering.,28,Technology Left The Room 😅😂 mobile repair mobile repairing mobile repairing course electronics soldering desoldering technology mobile repairing funny videos mobile repairing videos technology left the room when electronic repair man become mobile repairing man viral videos viral short videos funny video comedy video,technology
Uy7rP_rXzv4,Cleaning a Lenovo Legion laptop to fix overheating #tech #pc #technology #shorts,The Lenovo Legion is actually a great gaming laptop packed with high performance technology that's super easy to work on.,28,,technology
KflMqooMzF8,"I tested $273,000 of LUXURY TECH",Might need to film a few cheapest tech videos to make up for this one Check out the Anker Nebula X1 Pro here and save $2000 ...,28,luxury tech hermes apple gifts gadgets louis vuitton,technology
3b-20XM_09Y,Tech that Died in 2024,Nothing in tech lasts forever. CNET's Bridget Carey says goodbye to the tech gadgets and services that vanished from our lives in ...,28,CNET Technology tech Tech Devices tech that died rip Fossil Smartwatch RedBox ICQ Meta AI Chatbots Snap Pixy Spotify CarThing Atlas Robot Moxie Robot rip tech tech products that died discontinued discontinued tech tech discontinued,technology
Zpx5fQxO6kE,Amazon Shares Soar on Cloud Growth | Bloomberg Tech 10/31/2025,"Bloomberg's Caroline Hyde gets investor reaction to earnings from Amazon, Apple, Twilio and others. Plus, Nvidia CEO Jensen ...",25,Alexandra Levine Amazon.com Inc. Amy Webb Apple Inc. Brad Erickson Carolina Milanesi Caroline Hyde Ed Ludlow Khozema Shipchandler Michael Intrator NVIDIA Corp. Twilio inc.,technology
oxJjza5MoNQ,Will technology really be like this in 2080?,Will technology really be like this in 2080?,24,shorts viral trending viral shorts trending short yt shorts fact shortsfeed shortsvideo,technology
653lN9zARjc,4 SPY gadgets to keep you Undercover!,Do consider subscribing to my Main Mrwhosetheboss YouTube Channel: https://www.youtube.com/user/Mrwhosetheboss #shorts ...,28,shorts tech iphone smartphone hacks mrwhosetheboss gadgets spy gadgets,technology
s2OccJMWwkM,REAL vs FAKE Tech,The fakes were a LOT better than I expected Get the Insta360 GO Ultra: the best POV vlogging cam: ...,28,real fake tech apple philips hue govee gifts gadgets,technology
YfSvv6l9yxQ,New Tech From HUAWEI is INSANE!,What do you guys think? DONT FORGET TO SUBSCRIBE TO MY CHANNEL! #huawei #china #chinatravel.,19,huawei new tech new tech from china china tech china is the future china travel china food prices china prices chinese tech huawei phones travel to china new phone new phone tech new phone upgrade apple vs huawei samsung vs huawei,technology
Pl7TYh055xY,Overheating Alienware #gaming laptop (this is BAD) #tech #pc #technology #shorts,The CPU and GPU heatsink on this Alienware gaming laptop were destroyed by someone trying to repair it themselves because it ...,28,,technology
MBpIM7Ks-Tc,Cleaning a Laptop that&#39;s GROSS and overheating (HUGE Alienware FAIL) #pc #tech #technology #shorts,Disgusting Alienware laptop is overheating and needs a deep cleaning. A high performance computer like this Alienware M15 R7 ...,28,,technology
UC8MWXHIBIc,PAKISTAN: The Most Beautiful Country You’ve Never Seen | 4K Travel Documentary,"PAKISTAN: The Most Beautiful Country You've Never Seen | 4K Travel Documentary Born from the cracks in the Earth, where ...",19,Pakistan Travel Explore Pakistan Pakistan in 4K Pakistan Travel Documentary Amazing Places in Pakistan Hidden Gems of Pakistan Best Places to Visit in Pakistan Pakistan Nature Pakistan Culture Pakistan Landmarks Hunza Valley Skardu Karakoram Mountains Northern Pakistan Natural Wonders of Pakistan Adventure Travel Cinematic Travel Film 4K Travel Documentary travel documentary travel documentaries #trueglobe true globe,travel
__OwB6i_mDQ,Así es la vida en Cuba 🇨🇺 #cubanosenmiami #etecsa #travel #irsedecuba #estadosunidos,,22,,travel
e5Vc3cfXVP0,What’s in My Airport Bag | Travel Essentials for an Elegant Journey,jamilamusayeva #etiquette #travel #airportlook What's in My Airport Bag | Travel Essentials for an Elegant Journey | In this ...,26,Jamila musayeva airport etiquette airport hacks airport style airport tips carry-on packing chic travel elegance abroad elegant lifestyle elegant travel flight essentials flight tips handbag essentials in-flight essentials luxury airports luxury travel savvy traveler travel checklist travel essentials travel etiquette travel must-haves travel organization travel savvy travel tips travel vlog travel vlog 2025 travel with style vlog travel,travel
9oZVMcF55tQ,UNSEEN WONDERS | Hidden Places Even Locals Can’t Believe Exist | Travel Video 4K,"UNSEEN WONDERS | Hidden Places Even Locals Can't Believe Exist | Travel Video 4K Some places are so well hidden, even ...",19,4k video travel unreal places natural wonders travel channel 4k World Earth wonders of planet travel video 4k travel guide travel documentary travel explore natural beauty unreal wonders of planet travel unreal planet planet earth UNSEEN Secret Side HiddenPlaces TravelVlog HiddenGems TheSideYou’ve NeverSeen Even Locals Don't Know About unseen wonders travel 4k locals surprised travel secrets hidden gems Even Locals Can’t Believe Exist,travel
KBNHqI4kono,50 Most Beautiful Places To Visit In Europe | 4K Travel Guide,"An extraordinary journey through Europe's wonders in 2025, captured in magnificent 4K footage that will transport you from the ...",19,europe travel guide europe tourism where to visit in europe italy travel EUROPE 2025 PLACES EUROPE 2025 Where to visit in Europe Europe Best places to visit in Europe Europe 4K Places Europe Most beautiful places Europe Europe places What to see in Europe Travel Europe Most beautiful places in Europe Things to do in Europe Visit Europe Europe trip European countries Europe documentary Best places in Europe 50 europe top 50 europe 50 places europe,travel
c21q2lJEegw,ALASKA: Russian America | Travel Documentary 4K,"From the first Russian explorers who crossed the Bering Strait to the gold-seekers of the Klondike, Alaska has always drawn those ...",19,Alaska Alaska documentary Alaska travel Alaska wilderness Russian America Alaska history Klondike Gold Rush Alaska wildlife brown bears Katmai National Park Kenai Fjords Denali National Park Nome Alaska Sitka Kodiak Island Tongass Forest Anchorage Fairbanks Alaska nature glaciers fjords Alaska adventure Bering Sea Arctic Circle Unalaska Prince William Sound USA travel nature documentary Infinite Planet alaska,travel
K1SHDRnT50o,American airports face travel chaos as government shutdown continues,Flight delays are becoming more common as airports across the U.S. grapple with the government shutdown impacting TSA ...,25,tsa government shutdown Flight Delays Government Shutdown CBS News 24-7 Clips U.S. Politics,travel
Ab3mkNFdujs,Watch this if YOU’RE SCARED to TRAVEL ALONE 😖,,19,,travel
sf3PiPKlC8M,25 Best Places To Visit In Caribbean Islands 2025 | Travel Video,25 Best Places To Visit In Caribbean Islands 2025 | Travel Video #caribbean #caribbeanislands #travel #bestplacestovisit ...,19,25 Best Places To Visit In Caribbean Islands 2025 Travel Video travel Anguilla most beautiful caribbean islands to visit nature ocean sea west indies caribbean islands travel guide caribbean islands 4k caribbean islands st lucia Martinique caribbean islands to visit Caribbean islands itinerary Caribbean islands tours Caribbean islands documentary Caribbean islands travel vlog Caribbean islands travel video Caribbean Isalnds Caribbean queen Caribbean beach,travel
GxCDXOPMLUw,New Airport Rules That Could Ruin Your Trip (Dress Code Changed!),Save 20% on Halara Bestsellers with code TRAVEL* http://halara.link/s/140vxmsr4u Today's video covers the 10 common airport ...,19,airline secrets travel mistakes airport security tips new tsa rules airport tips tsa secrets traveling in 2025 digital boarding pass tips tsa rules 2025 what not to do at the airport how to prepare for airport security how to get through tsa faster first time flying tips digital boarding pass Denied boarding airline dress code airport check in procedure flight check in flight check in online flight check in baggage size what to wear to airport,travel
QqcGdA6kWD8,PATAGONIA: The Bottom of the World | 4K Travel Documentary,"At the southern edge of South America lies a land like no other. Patagonia stretches across Argentina and Chile, from the ...",19,Patagonia Patagonia documentary Patagonia travel Patagonia 4K Argentina Chile South America Tierra del Fuego Torres del Paine Ushuaia Perito Moreno Glacier Fitz Roy El Chaltén Bariloche Puerto Natales Puerto Varas Chiloé Valdés Peninsula Nature documentary Travel film Infinite Planet Adventure travel National Geographic Wild Patagonia Landscape documentary Patagonia nature Patagonia wildlife patagonia documentary el chalten patagonia,travel
3LbwBLv5PRw,UNREAL OF PLANET EARTH  - The Most Unbelievable Wonders In the World #travel #4K,Welcome to Unreal of Planet Earth! Prepare to embark on an extraordinary journey as we uncover the most unbelievable wonders ...,19,travel 4k WONDERS OF PLANET my unreal planet tv unreal places,travel
8VKnI2h6180,Airport Travel Hacks,The ultimate study tool: https://www.goharsguide.com/notion I'll edit your college essay: https://nextadmit.com/services/essay/ ...,27,,travel
u43YRqJndB4,WONDERS OF USA | 80 Most Beautiful Places in the United States | 4K Travel Guide,Explore the 80 most spectacular wonders of the United States of America in this incredible 4K journey! From the Atlantic coast to ...,19,usa travel united states USA wonders United States wonders America wonders wonders of the United States USA United States United States of America places in the United States USA places what to see in America what to see in the United States America places in America North America vacations in the USA vacations in America top 80 USA top 80 United States top 80 America usa 4k United States trip grand canyon most beautiful places in united states,travel
fb0NQAx6E1k,Wonders of Ireland | Most Amazing Places in Ireland | 4K Travel Guide,Discover the incredible wonders of Ireland in this exciting 4K documentary that takes you on a journey through the most beautiful ...,19,where to visit in ireland ireland aran islands beautiful ireland 4k ireland travel video best things to do in ireland wonders of ireland places ireland most beautiful places ireland best places to visit in ireland ireland 4k ireland travel ireland vacation ireland landscape ireland documentary ireland wonders ireland best places ireland places what to see in ireland what to do in ireland ireland villages northern ireland republic of ireland,travel
ZaCzkHkgrlc,OMAN: The Safe and Beautiful Country No One Knows About | 4K Travel Documentary,OMAN: The Safe and Beautiful Country No One Knows About | 4K Travel Documentary Think you're looking at Switzerland?,19,4K travel documentary travel documentary travel documentaries travel guide exploration tourism culture world travel tips history adventure activities hidden gems wanderlust video nature and history travel inspiration beautiful places on earth #trueglobe true globe,travel
dXPuw2JVBos,The Loneliest Road in Oregon - Traveling a Nearly Empty Highway 395,"Highway 395 in Oregon has been called the state's loneliest road, seeing the least amount of traffic among all highways in the ...",19,Highway 395 Highway 395 Oregon Eastern Oregon Oregon Outback Burns Oregon Pendleton Oregon Lakeview Oregon Oregon History U.S. Route 395 Oregon Road Trip John Day Fossil Beds National Monument John Day Battle Mountain State Park hwy 395 oregon,travel
K-3Rr62K1HM,Proof Time Travel Exists,Follow me here: Instagram ▻ https://www.instagram.com/sambucha X ▻ https://www.x.com/sambucha Become a Member: ...,24,,travel
dsyNbIIaQsY,"Life in the China 2025 : China Culture, Travel &amp; Women You Won’t Believe – Travel Documentary","Life in the China 2025 : China Culture, Travel & Women You Won't Believe – Travel Documentary China: Land of ancient ...",22,life in China facts about China interesting facts about China China women China culture China people things to do in China expat life in China cost of living in China travel documentary country facts facts about countries discover countries documentaries living abroad travel channel travel world documentary country culture,travel
gOLtP8imceA,100 Most Beautiful Places In the World  2025 | Complete Travel Guide,100 Most Beautiful Places In the World 2025 | Complete Travel Guide #mostbeautifulplacesintheworld #beautifulplacesonearth ...,19,100 Most Beautiful Places In the World travel nature world places places to visit travel video most beautiful places in the world travel vlog travel guide amazing places top 100 places top 100 places world top 100 places earth tourism best places most amazing places on earth earth mountains planet unreal places beautiful places in the world most beautiful places on earth europe top 100 most beautiful places in the world best places to visit in the world wonders,travel
8mAvmPMdMFs,50 Most Beautiful Islands in the World - Travel Video,"Who doesn't love a taste of island life? Where you can kick off your shoes, leave work behind, and cocktails are provided at the ...",19,island tropic island islands beautiful island bora bora caribbean French Polynesia moorea palawan seychelles maldives bali santorini lofoten Aitutaki Whitsundays zanzibar,travel
4ONfrkskNp4,Stand By Me - Music Travel Love (At Al Ain),"Get ""Stand By Me"": Smart URL: https://lnk.to/sbmmtl Spotify: https://spoti.fi/3LNmXoq iTunes: https://apple.co/44m1pGE Amazon: ...",10,Stand By Me Music Travel Love Stand By Me Lyrics Stand By Me Chords Stand By Me Collaboration Live Cover Endless Summer,travel
Uco42O6VF2U,The Reality of Travelling While Brown in Europe #genz #travel #montenegro,,26,,travel
Ss55E5Q1-do,TASMANIA: The Island at the Edge of The World | 4K Travel Documentary,At the edge of the world lies an island once known as the Empire's prison. From towering cliffs and glowing coastlines to haunted ...,19,Tasmania travel documentary Tasmania 4K Tasmania tourism Tasmania history Van Diemen’s Land Port Arthur prison Tasman Peninsula Bay of Fires Maria Island Tasmanian devils convict history Australia Australia travel documentary Tasmania coastlines Tasmania wildlife Tasmania national parks Tasmania tourism 2025 Tasmania hiking Tasmania road trip Tasmania nature documentary Tasmania island at the edge of the world Tasmania travel guide Tasmania Australia,travel
bpEYKYzJNTg,Wonders of Costa Rica | The Best Places in Costa Rica | Travel Video 4K,"Welcome to Costa Rica! Today, we're embarking on a journey through one of the world's most biodiverse countries. From ...",19,Costa Rica Travel Costa Rica Costa Rica tourism Costa Rica adventure Arenal Volcano Monteverde Cloud Forest Manuel Antonio National Park Tortuguero turtles Playa Conchal Irazú Volcano Tárcoles River Costa Rica wildlife tropical paradise pura vida biodiversity Central America travel Costa Rica nature Costa Rica beaches explore Costa Rica Costa Rica vacation Costa Rica travel guide Costa Rica rainforest travel documentary,travel
1IAFhoNPjso,Airport Travel HACKS You NEED to Know,,27,,travel
8n-Va1oorX4,Wonders of Alaska | The Most Amazing Places in Alaska | Travel Video 4K,"Wonders of Alaska | The Most Amazing Places in Alaska | Travel Video 4K Subscribe to the channel here, it's free but means a lot ...",19,alaska travel what to do in alaska alaska travel guide,travel
AneAgyUxBsg,50 Best Places to Visit in the USA - Travel Video,"Comprised of 50 states, the USA occupies an area that's only just marginally smaller than Europe. It's in this vast country that you ...",19,usa usa travel usa tourism san francisco los angeles grand canyon sedona hawaii big sur Asheville monument valley austin Mount Rushmore Santa Fe Gatlinburg Cannon Beach Charleston Nashville Savannah New Orleans Miami Washington DC Las Vegas Florida Keys New York City,travel
RdnbMI3kW50,The 10 Cheapest Places or Countries to Travel in 2025,"Dreaming of travel without breaking the bank? In this video, we explore the Top 10 Cheapest Places to Travel in 2025 — from ...",19,travel planner travel cheapest countries to travel in 2025 cheapest countries to travel 2025 cheapest places to travel 2025 top 10 cheapest countries to travel 2025 cheapest countries in the world 2025 cheapest places to visit in 2025 top 10 places to travel in 2025 10 cheapest travel destinations in the world for 2025 best cheap places to travel in usa cheap places to travel in usa cheapest places to visit 2025 10 cheapest travel destinations in the world travel,travel
e8sAA40ll1Y,Travel tips to save your trip to Japan... #traveltips #japanlife,"Megan and Ben from hito.bito on TikTok describe what not to do on a Japan trip, especially a group tour! #hito.bito #the.hito.bito ...",22,,travel
TKvj1eaN7lc,ಶ್ರೀ ಲಷ್ಮಿವರಾಹ ಸ್ವಾಮಿ🙏🏻#ytShorts #Trending#Vira#YouTubeShorts #Gaming#Music#Travel#facts#astrology,,22,,travel
_4n0j0UsYiA,Wonders of Japan | The Hidden Places No One Talks About! | Travel Video 4K,"Wonders of Japan | The Hidden Places No One Talks About! | Travel Video 4K Subscribe to the channel here, it's free but means a ...",19,Travel Travel video Travel video 4k Trip insight japan travel japan places japan places to visit trip insight japan,travel
EvJttR8bFf4,Is Vietnam Still the Cheapest Country in the World? 🇻🇳 (Da Nang),Is Vietnam Still the Cheapest Country in the World? Vietnam is often considered the most affordable country in the world ...,19,vietnam da nang Ho Chi Minh city hanoi vietnamese budget cheap southeast asia travel vlog travel escapes hoi an hue street food food review usa america american,travel
PKi0aGfBNWQ,What ITALIANS Hate About Americans (Get My SIGNATURE TRAVEL TO ROME Guide 😉),american #italian #rome #italy ✓ GET MY TRAVEL TO ROME GUIDE https://allgoglobal.com/guides-italy Best ...,27,,travel
utEP3j136AU,The Gods own country  #travel #shortsvideo #allepy,,19,,travel
0bEaG99umD0,48 Hours Eating My Way Through Historic Boston 🇺🇸 USA Travel Guide,"Holy Cannoli! It's my first time ever in Boston, and this 48-hour adventure is packed with iconic eats, rich history, and charming ...",19,travel travel guide travel tips how to travel boston boston vlog boston attractions boston massachusetts boston travel vlog little italy boston travel top 10 things to do in boston things to do in boston at night boston travel video boston weekend trip what to do in boston boston harbor boston public garden places to visit in boston a day in boston boston walking tour boston usa boston ma boston travel guide boston usa sightseeing freedom trail,travel
zHZXzN7yOEE,Giving disposable cameras to strangers #travel #disposablecamera #lifeonfilm,Barbara's Trip to the Alps #lifeonfilm #givingdisposablecamerastostrangers #travel #alps #switzerland.,22,,travel
y2Pko5WzdfU,What it REALLY costs to solo travel NYC for a day 💸🔥,NewYorkCity #SoloTravel #TravelVlog #BudgetTravel #NYCFood #TravelTips #NYCThingsToDo #DayInTheLife ...,19,,travel
MldBR6KPu1c,Dollar Tree Travel Dupes #lifehacker #lorafied #hack #travel,,26,,travel
B2UOucuMlyg,Luggage weight back ✈️ #travel #luggage  #travelhacks #airport #traveling,,22,,travel
22wkPKbnm8o,Craziest travel vlog EVER 😭,,23,,travel
6hJVIxX5KJA,MADAGASCAR: The Last Untouched Wilderness | 4K Travel Documentary,"MADAGASCAR: The Last Untouched Wilderness | 4K Travel Documentary Thousands of years ago, people set sail into the ...",19,4K travel documentary travel documentary travel documentaries madagascar 4k madagascar travel madagascar nature madagascar wildlife baobab trees africa travel east africa documentary wildlife documentary lemurs of madagascar madagascar rainforest documentaries 2025 travel guide exploration tourism culture world travel tips history adventure activities hidden gems nature and history travel inspiration beautiful places on earth #trueglobe true globe,travel
mkfSZDwAaf8,Place On Earth That Don&#39;t Feel Real #travel #explore #expectations #adventure #shorts,Place On Earth That Don't Feel Real #travel #explore #expectations #adventure #shorts.,22,explore world explore places shorts nature adventures travel places travel place on earth that don't feel like real place on earth don't feel like real place that earth not feel like real place that don't feel real place that feels like unreal unreal places unreal wonders our great world our awesome world our great world Shorts our awesome world Shorts Instagram vs reality naturelovers landscapephotography expectations adventures travel,travel
QsGE6GPMwuc,Giving disposable cameras to strangers #travel #disposablecamera #lifeonfilm,"A day in the life of Carlos. Sayulita, Mexico. #lifeonfilm #disposablecamera #onthestreet #travel #mexico #sayulita #surf #surfer ...",22,,travel
mnm60c4hZSE,TRAVEL JAPAN 70% SMARTER THAN EVERYONE ELSE 😳 #japan #japantravel #japanlife,INSTANTLY SCANS BARCODE AND GIVES ENGLISH DESCRIPTION Planning a trip to japan can be a lot and wait until ...,22,,travel
7Wjn7Ga-MD0,Toddy Tapping in Kerala | EP - 02 | Kumarakom Getaway | Puthettu Travel Vlog |,puthettutravelvlog #jelajaratheesh #puthettutravelvlog #jelajaratheesh 1.Through Kerala https://youtu.be/ME1of95eKyw 2.,19,tamil nadu kollam alappuzha pathanamthitta kottayam idukki ernakulam wayanadu kasarcode malayali veettamma vanitha lady super star flowers tv truck drivers mathrubhoomi trending 01 video karanataka malayali amma kerala vanitha samajam travel vlog youtubers vloggers malayali malayalam vlog kashmir trip puthettu travel vlog puthettu jelajaratheesh caravan life camping kerala camping caravan cooking family time van life cooking kumarakom stay backwaters sunset,travel
WPtaHTLyV8Y,travel essentials (as a chronically ill autistic person!) ✈️ #travel #autistic #disabledtravel,,22,,travel
xgqDj9A4UTc,MADAGASCAR: The World&#39;s Strangest Island | 4K Travel Documentary,"Eighty-eight million years of isolation turned Madagascar into Earth's strangest laboratory — dancing lemurs, upside-down trees, ...",19,Madagascar travel documentary Madagascar documentary Madagascar 4K Madagascar wildlife Madagascar nature Madagascar history Madagascar travel Madagascar tourism Madagascar national parks Baobab trees Avenue of the Baobabs Tsingy de Bemaraha Andringitra National Park Isalo National Park Madagascar lemurs fossa Madagascar Madagascar chameleons Madagascar islands Madagascar diving Nosy Be Nosy Ve Sakalava Bay Antananarivo Madagascar capital,travel
xRbPAVnqtcs,[MV] BOL4(볼빨간사춘기) _ Travel(여행),[MV] BOL4(볼빨간사춘기) _ Travel(여행) *English subtitles are now available. :D (Please click on 'CC' button or activate ...,10,Kpop 1theK 원더케이 loen 로엔 뮤비 티져 MV Teaser 신곡 new song 한류 hallyu ロエン ミュージック ミュージックビデオ ケーポップ 韓国の歌 アイドル 韓流 韓国 아이돌 idol BOL4 볼빨간사춘기 Travel 여행,travel
nV8ccDNw2hQ,Полтава💞Місто Осінньої Краси🍂 Poltava Ukraine Rest💞 #shots #travel #ukraine,Полтава  Місто Осінньої Краси   Poltava Ukraine Rest   #shots #travel #ukraine.,22,#shots#travel#poltava#ukraine#travelukraine#poltavatheatre#poltavahotels#полтавабілаальтанка#,travel
8vijNPoI2Po,4 Cool Gifts for Science Lovers! - May Edition #shorts #Science #gifts,,28,,science
8q9vES4sdvY,3 Bad Science Gifts #shorts,Want to help support the making of more videos? Become a JaDropping Supporter here for $1/month: ...,28,,science
Pm3FBOwN8Ic,Scientists Just Discovered We Were Wrong About Dinosaurs,A new study of a fossilised dinosaur larynx suggests the iconic roars used throughout history may have been completely wrong.,28,science future breakthrough,science
IVtG8NhY38A,What’s gives fireworks their colors 🤔 #science #scienceexperiment #physics #chemistry #fireworks,Follow us on Tiktok: https://www.tiktok.com/@imaginationstation419 Instagram: ...,28,,science
9s74zhxdZN0,Scientists Finally Solve Mystery of Why 5 Billion Sea Stars Melted,"5 billion sea stars melted into puddles of goo. Their detached arms crawled away like zombies. And for 10 years, scientists had no ...",24,,science
s9ALylTC9YQ,Level 1 to 100 Science Experiments,"This is level 1 to 100 science experiments! Level 100 gets insane. Download Coffee Meets Bagel, the dating app for serious ...",27,Gallium liquid Metal gallium metal melt metal gallium fidget spinner gallium vs aluminum aluminium science experiment coke can coca cola alloy metal dave hax amazing science experiments hafu go hafu diy diy science experiments level 1 to 100 science 20 amazing science experiments experiments compilation science projects chemistry coke coke experiments slime butane rocket tkor liquid metal gallium smoke canon elephant toothpaste,science
tyU5Xkk6TuE,The War on Science,If my next video isn't under an hour you're legally allowed to push me over. Contact: Patreon ...,27,,science
5PTL5N5c4jc,Square Bubble,Full Experiment: https://stevespangler.com/experiments/amazing-square-bubble/ Are you a teacher? Check out our 5E science ...,27,SteveSpanglerScience Steve Spangler SteveSpangler Cool Science Experiments Cool Science At Home Science Do it Yourself Science Fun Science Experiments Science For Kids Cool Science Projects Spangler Science Sick Science Sick Science! Science DIYSci DIY Sci Xploration Easy Science Experiment Science Experiment Science Experiments,science
LX_kuBHi2yo,🧠 The Human Nervous System! 🧠 #brain #spinalcord #humanbody #anatomy #science #teacher #education,,27,,science
xB2DiiAOpCg,The Science of Fall | Compilation | SciShow Kids,"The leaves are falling from the trees and the air is getting chilly where Jessi and Squeaks live, which can only mean one thing: it's ...",27,scishow scishowkids Jessi Knudsen Jessi Knudsen Castaneda Squeaks science kids children learning education school sci show hank green home curriculum kindergarten activities fall season turkey autumn pumpkin weather squirrel hibernation bird migration jack-o-lantern halloween celebration fun animation cartoon puppet thanksgiving holiday compilation leaves trees chlorophyll animal biology,science
tGqPl-wfueE,Why Do Objects Float Or Sink? | BYJU&#39;S Everything Science #shorts,Objects with different densities behave very differently. So what would happen if we drop objects and liquids of different densities ...,27,shorts youtube shorts youtube shorts india youtube short videos youtube shorts videos shorts for students shorts for kids shorts for education youtube for eduation science tricks for kids science for kids science experiments for school kids science for students science youtube shorts easy science experiments byju's science experiments density experiments byju's scince videos byju's science shorts what is density what causes objects to float or sink,science
bEFsowgtLFI,Colorful Chalk Science Experiment Is Magic #science #magic #kiwico,This easy science experiment is like a magical indoor firework #science #kiwico #scienceexperiments #magic #chalk If you ...,27,STEM STEM toy science science education science learning science for kids engineering for kids science fair project science fair STEM learning homeschool science Kiwi Crate KiwiCo Kiwi Co Tinker Crate,science
5AY6VbctbU8,How to Make Colorful Bouncy Naked Eggs: Fun and Easy Science Experiment for Kids,"Subscribe to KiwiCo on YouTube: https://youtube.com/c/kiwico At KiwiCo, we deliver seriously fun enrichment for kids of all ages.",27,STEM STEM toy science science education science learning science for kids engineering for kids science fair project science fair STEM learning homeschool science Kiwi Crate KiwiCo Kiwi Co Tinker Crate,science
Pgx2e74--h8,Boiling Water In Syringe | Science Experiments At Home | #ExperimentShorts,Can gases be responsible for boiling a liquid? Is there any relationship between the pressure of gases on water and it's boiling ...,27,Experiment shorts Boiling water in syringe Science experiment Science experiments at home youtube shorts shorts for kids experiments for kids science for kids,science
IuaF6UoVH6c,Testing the Worlds Dumbest Science Experiments…,,24,,science
0KpLJzGWOs4,Balloon in a Bottle Science Trick,"View More Experiments: https://stevespangler.com/experiments/ Are you a teacher? Check out our 5E science lessons, escape ...",27,SteveSpanglerScience Steve Spangler SteveSpangler Cool Science Experiments Cool Science At Home Science Do it Yourself Science Fun Science Experiments Science For Kids Cool Science Projects Spangler Science Sick Science Sick Science! Science DIYSci DIY Sci Xploration Easy Science Experiment Science Experiment Science Experiments,science
k1KHA1fuJX8,Fire Extinguisher Science Experiment for Kids,Save this project for later   What you need: Graduated Cylinder Flask Tea light candle Matches Vinegar Baking ...,27,,science
ke5KdJAC57E,10 Awesome Physics Science Projects,Project instructions: 1. Phone book friction: ...,27,science STEM,science
VrXIjava968,I Tested Every Science Gadget on Amazon,I tested the craziest science gadgets on Amazon. The Narwal Freo Z Ultra Prime Day deal is here EARLY just for you! Use my ...,24,shorts youtube shorts hafu hafu go experiments experiment science experiment hafu go shorts level 1 to 100 mr beast diy mrbeast vector _vector_ dave hax amazing science experiments science compilation science projects coke experiments slime tkor elephant toothpaste easy science experiments supercooled water mark rober science gadgets amazing science gadgets perpetual motion machine science toys,science
9kWP8r5klT4,Atmospheric pressure -- Science Experiment by plufo.com,"Visit our site : https://plufo.com/ Visit our site : http://bit.ly/aolweb ""Watch more Interesting Videos?? Why We Cant See In The Dark ...",27,science experiments science experiments air pressure best awesome how to homemade how to make science projects chemistry popular science science fair projects amazing science experiments tricks amazing experiment science tricks amazing experiments home experiments science experiment easy science experiments experiment at home water experiments water tricks school tricks fire trick Lemon floating on water fire water experiment,science
lsvmfLiFKkI,Science project for class 8th students working model Easy science exhibition projects class,shorts #trending.,28,,science
qb1ZbdUv1hQ,Microwaving Hamsters For Science 😢,,19,,science
KwdkPiDsku8,What just happened? - Electrical Science,One of Chris Hornes electrical science and principles experiments. #electrical #science #scienceandprinciples.,28,,science
f5dhPuYo8LU,Cool science model to teach your kids how the heart works #shorts,Subscribe to Blossom: https://www.youtube.com/channel/UC2WuPTt0k8yDJpfenggOAVQ?sub_confirmation=1 About Blossom: ...,26,Blossom DIY Life Hacks hacks DIY hacks Blossom DIY DIY videos how to hacks arts and crafts craft videos craft,science
5ULcNDSk4hY,Self Inflating Balloon Science Experiment | Science for Kids | STEM for Kids #shorts,Running out of breath blowing up balloons? Balloons can inflate themselves with this science experiment! ~ Watch more GIGIL ...,27,stem stem for kids stem activities stem activities for kids kids subscription box subscription box stem subscription box diy activities diy stem activities balloon experiment easy science experiments for kids science for kids fun science experiments for kids science project science experiments self inflating balloon chemical reaction easy science experiment chemical reaction for kids stem play stem learning educational videos kids science,science
z-R3DShHbkA,EASY SCIENCE EXPERIMENTS TO DO AT HOME,"EASY SCIENCE EXPERIMENTS TO DO AT HOME for kids Awesome and Amazing! They are very easy to do at HOME, ...",26,easy science experiments to do at home science experiments science experiments to do at home cool science experiments crafts for kids science for family amazing science experiments science experiments at school DIY projects for school water tricks for school easy experiments for school science tricks for family home experiments easy home experiments for family rainbow walking water color changing walking water instant freeze water,science
vusaz0wE34U,Egg Inside Bottle Using Science!,,28,,science
RAHoIjPa29A,When Myths Meet Science: Rogue Waves Explained,"A rogue wave is a sudden, very large ocean wave that appears much bigger than the others around it. It forms through a process ...",27,,science
AyEiNjleN5Y,5 Science Fair Project Ideas,Save these 5 projects for your kids' next science fair! They're a great way for kids to explore science concepts and tinker with ...,27,STEM STEM toy science science education science learning science for kids engineering for kids science fair project science fair STEM learning homeschool science Kiwi Crate KiwiCo Kiwi Co Tinker Crate,science
cfPoCT6R_kg,5 Cool Gifts for Science Lovers! #shorts,Here's affiliate links to all the products featured in this video or check out my new website https://coolsciencefinds.com/ for more!,28,,science
NulUsNMldgw,Mind-Blowing Science Experiments | Best of Season 1 | Science Max,Science Max presents a special compilation featuring our favorite episodes from Season 1. Tune in and brace yourself for a ...,1,science max science max experiments at large science max full episodes science experiments easy science experiments learning educational lab did you know facts interesting facts knowledge 9 Story Kids 9 Story 9 Story Fun 9Story 9 Story official channel science Gravity,science
7L3M1vBw2HM,Squid Ink Science Experiment for Kids #shorts #science #TuffTray,"Ink propelled squid science activity for kids Also known as the Marangoni effect, the ink has a lower surface tension than water, ...",27,science early years early years resources tuff tray,science
wHkVYCC5_wg,Science Full Form || Full Form of Science || Science information #shorts #shortfeed,Science Full Form || Full Form of Science || Science information #shorts #shortfeed #science #Sciencefacts.,27,Science Full Form Full Form of Science Science information About Science Science Science Details Science Facts,science
N3sk_YCpqKA,This Two Ingredient Rocket Flies Like A...,"What's Steve doing now? ▻ https://linktr.ee/stevespangler For business inquiries, contact +1-855-228-8780 or ...",27,SteveSpanglerScience Steve Spangler SteveSpangler Cool Science Experiments Cool Science At Home Science Do it Yourself Science Fun Science Experiments Science For Kids Cool Science Projects Spangler Science Sick Science Sick Science! Science DIYSci DIY Sci Xploration Easy Science Experiment Science Experiment Science Experiments,science
maUTR03EfwM,Easiest science fair project!,,27,,science
wwq6sO7WIeE,Science Experiment 🔬 🧪 #shorts #viralshorts #experiment,,28,experiment science experiment amazing experiment 🧪 salt experiment water experiment density experiment pw Allen,science
mEOeCi8pjog,“Science!!! Matters!!!” Neil deGrasse Tyson,,23,,science
uWsg1nZQDls,"Science, Chemistry, Biology Project Design/ Physics Border Designs/ Project Work Designs #shorts","Science, Chemistry, Biology Project Design/ Physics Border Designs/ Project Work Designs #shorts SCIENCE/ Science Project ...",27,"Shorts shorts video yt shorts Science border design Front page or cover page border design Science Project decoration ideas coverpageborder chemistry file decoration ideas science border design science border design on paper science border design easy science border design simple science border design project science border design for project
work science border design front page",science
_kelDJFjhOo,The Perfect Sofa – According to Science,Mathematicians have spent over fifty years trying to find the magic formula for the sofa with the largest sitting area that can be ...,27,inanutshell kurzgesagt kurzgesagt_inanutshell learnwithshorts interestingfact kurzgesagt - in a nutshell in a nutshell science facts Learn with Shorts science YouTube university YouTube MBA sofa problem maths mathematics math theorem math theory,science
xNK9CCjH4i8,waste water treatment working model science project (5 stage) - howtofunda - science exhibition,waste water treatment working model science project (5 stage) - howtofunda - science exhibition #wastewater #treatment ...,26,how to funda howtofunda science model science fair model science exhibition model diy craft science project,science
s6OE4brNu1I,Science project for class 8th students working model Easy science exhibition projects class,shorts #trending.,28,,science
aP0MN4aDqOw,Science easy experiment || simpal experiment do at home|| #shorts  #trending  #7plusexperiment,"science easy experiments||| tags shampoo+Colgate +vinegar experiment, shampoo experiment, Colgate experiment, vinegar ...",22,#shampoo #shampooeasyexperiment #enoexperiment #waterenocolgate #colgateeasyexperiment #chemicalexperiment #easyexperiment #simpalexperiment #gassimpalexperiment #homeexperiment #watermeloneexperiment #shorts #shortvideo #treanding #viral #7plusexoeriment #crazyxyz #mrindianhacker #fws #yashjeexperiment #theexking,science
ph-nQ-CZ91c,SCIENCE/ Science Project /Science Border Design For Project/Science Project Design #shorts #ytshort,SCIENCE/ Science Project /Science Border Design For Project/Science Project Design #shorts #ytshort SCIENCE/ Science ...,27,shorts youtube shorts shots yt shorts viral shorts shorts viral viral science project work science project work designs border designs for science project science science project science project design science project working model science project easy science project front page design science project simple science project model science cover page design How do you decorate a science project science project cover page design handmade Project work,science
ln7x5-g0rJA,Newton&#39;s Insane Study Routine 🍎 #physics #science #history #education,,27,,science
yFRoKxOkNSk,Level 1 to 100 Science Gadgets,"These are some of the world's most amazing science gadgets and toys! Get the gadgets in this video for only $0.01... yes, you ...",24,shorts youtube shorts hafu hafu go experiments experiment science experiment hafu go shorts level 1 to 100 mr beast diy mrbeast vector _vector_ dave hax amazing science experiments science compilation science projects coke experiments slime tkor elephant toothpaste easy science experiments supercooled water mark rober science gadgets amazing science gadgets perpetual motion machine science toys,science
R4T6G55Of50,Unbelievable Outcome of THIS Crazy Science Experiment! #7PlusExperiment #shorts,simple science experiment || Battery + pencil + salt || #shorts #7plusexperiment Battery + pencil + salt experiment at home ...,28,9 watt battery experiment 9v battery experiment amazing science experiments battery and water experiment battery experiment battery experiment at home experiment experiment with battery experiment with pencil salt and battery experiments funny battery experiment lemon battery experiment pencil salt experiment science science experiment science experiment with battery science experiments shorts shortvideo trending tricks with pencil viral youtube shorts,science
dKGj9EhQefc,Rain Water Harvesting Model Working model #science #schoolproject #youtubeshorts,,22,rain water harvesting model rain water harvesting rain water harvesting project rain water harvesting working model rain water harvesting model easy rainwater harvesting model school science project ideas science project ideas for class school project ideas school project ideas easy simple science experiments at home in hindi school project Cool Science Projects For School Students Rain water harvesting water saving project water harvest,science
ekUbBot8tDA,5 Easy At Home Science Experiments w/ Mark Rober,Does anyone know how to get food coloring off of your hands? Asking for a friend... Get your very own CrunchLabs Build Box!,28,,science
-y5LTjjXfJw,i tested viral science experiments,,22,,science
ILrcYHO944o,Cool at home science experiment to try: Separating a banana’s DNA #shorts,Subscribe to Blossom: https://www.youtube.com/channel/UC2WuPTt0k8yDJpfenggOAVQ?sub_confirmation=1 About Blossom: ...,26,,science
YGfAh_1Ca-Y,Bee Movie,"A hit comedy from comic icon Jerry Seinfeld, an ambitious young worker bee Barry B. Benson (Seinfeld) soars out into the world in ...",30,,movies
B8jTRk24sls,Tyler Perry&#39;s A Madea Family Funeral,"Tyler Perry revives his signature character, the tough and vindictive Madea Simmons, for her final film performance in this comedy ...",30,,movies
3nIO_cquvz4,THE FARMER | New Action Movie 2025 | Jason Statham | Full Movie | 4K Ultra #actionmovies,THE FARMER | New Action Movie 2025 | Jason Statham | Full Movie | 4K Ultra #actionmovies.,1,,movies
XMLBXXPX4QA,THIS IS A MOVIE YOU’LL WANT TO WATCH OVER AND OVER AGAIN! | Romantic Movies | Follow Your Heart,YOU WON'T BE ABLE TO TAKE YOUR EYES OFF IT! | Romantic Dramas in English | FOLLOW YOUR HEART Follow Your Heart ...,1,follow your heart full movie romantic drama full movie romance movies love story movies drama movies english free full movies on youtube best romance films inspiring love story emotional drama movie full movie hd romantic drama english movies about true love classic romance movies family drama films love vs money movie romantic films free love and relationships movies heartfelt drama full movie watch free movies online full film english youtube movies,movies
pzhq1-0nEmI,The Animal (2001),"He might not look like much, but it's what's inside that counts. Comic genius Rob Schneider (Deuce Bigalow: Male Gigolo, Big ...",30,,movies
RrUQRJljkpk,Ranking Funniest AI Movies! #shorts #memes #funny #ai #movies,Ranking Funniest AI Movies!,24,,movies
WzpItREhh04,The “Brothers” story from Andy ’s point of view#fyp #movie #movies #shorts,The “Brothers” story from Andy 's point of view#fyp #movie #movies #shorts.,22,,movies
j1J47l_yW-Q,FORGOTTEN SOLDIER - Lone Survivor | Full Movie 2025 | Action | English | 4K,"Watch the premiere of ""FORGOTTEN SOLDIER - Lone Survivor"" (2025) | A gripping 4K cinematic action war movie. When a ...",1,Forgotten Soldier Lone Survivor Full Movie 2025 Action Movie English 4K War Movie Best Survival Movies Military Action Drama Realistic War Film Cinematic Thriller Lone Survivor Full Movie Hollywood Action 2025 Behind Enemy Lines Stealth Action Movie Psychological War Thriller Denis Villeneuve Style High Quality Action Film Intense Action Sequences Military Tactics Survival Techniques Best Action Movies 4K New Movies 2025 AI Film Production Veo 3.1,movies
xJM7mlVqTr8,Blood Diamond (2005) Movie 🎬 Cast Then and Now#morph #film #usa,celebrity #movie #drama #comment #fyp #thenandnow #marvel #beauty #acting #hollywood.,22,,movies
o3X_RT0uwD0,How the mean girl is introduced in movies💅🏽💁‍♀️ (A REMAKE),meangirls #parody #moviescenes #nostalgia #disneychannel.,22,,movies
5zvDVBYNavU,The Last Operative | Hollywood English Film HD,"The Last Operative — Experience the ultimate Hollywood action thriller of the year! Starring the legendary Tom Cruise, this ...",1,The Last Operative 2025 Tom Cruise new movie 2025 Full Hollywood action movie English movie HD Action thriller 2025 Hollywood English film Tom Cruise action 2025 Spy action film 2025 Hollywood blockbuster Full action adventure movie Action movie 4K New English movie 2025 Best action movies Intense action film 2025,movies
VHBZbm8qPzQ,Top 10 Must Watch Treasure Hunt Adventure Movies 😍 #shorts,Top 10 Must Watch Treasure Hunt Adventure Movies #shorts #marvel #spiderman #endgame #netflix #avengersdoomsday ...,24,#shorts #the abhay dynasty #bnftv #yt shorts india #viral #thor #loki #endgame #infinity war #uncharted #spiderman #tom holland #secret wars #avengers doomsday #rdj #pj explained #comic verse #desinerd #super super,movies
VU3tqhedFes,"Who Has The Better Movies, Jim Carrey Or Ben Stiller? #shorts #comedy #movies #actor #jimcarrey",,24,,movies
wdMykkGVl7s,War Mission Combat 2025  | Jason Statham  | Full Action Movie english 2025 | Full Movie | 4K,war blod 2025 | Jason Statham | Full Action Movie english 2025 | Full Movie | 4K warth of man 4 : New Action Movie 2025 | Jasson ...,22,War Mission Combat 2025 Jason Statham Full Action Movie english free movies best action movie,movies
7qc6UK5xc6Y,How ‘Sinners’ Pulled Off Its Mind-Blowing Twin Effect #movies,VFX supervisor Michael Ralla delves into the innovative visual effects techniques used to create the twin characters portrayed by ...,1,sinners michael b jordan michael ralla vfx visual effects twin effect behind the scenes filmmaking movie magic academy the academy oscars the oscars academy originals movies film production special effects hollywood cinema director producer actor actress film industry movie making cinematography editing screenwriting film school movie set film crew,movies
NfBy0rKIGUA,New Hallmark Movies 2025 ⭐ Best Hallmark Romance Movies 2025 ⭐ Christmas Hallmark Movie 2025,Celebrate the wonder of the holidays and the power of love with this all-new Hallmark Christmas Movie 2025! This uplifting story ...,24,hallmark movies 2025 new hallmark movies 2025 hallmark christmas movies 2025 full movie new hallmark romantic movies 2025 hallmark channel christmas movies 2025 best hallmark love story movies 2025 hallmark movies new releases 2025 latest hallmark christmas movies 2025 new hallmark holiday movies 2025 heartwarming hallmark movies 2025 hallmark channel new movies 2025 hallmark romantic holiday movies 2025 holiday love story movies 2025 hallmark christmas specials 2025,movies
IGOWNYN6o8k,A TRUE STORY movie that should have won an Oscar | NATURAL SELECTION | Full movie in 4K,A TRUE STORY of a teenager that shocked the world | NATURAL SELECTION – A life-changing drama Name: Natural Selection ...,1,natural selection full movie natural selection movie english full movie english teen drama full movie high school drama movie thriller full movie drama movies teen movies full movie free full movies on youtube watch movies online english movies full movie hd best drama movies full hd movie teen friendship movie school life drama youtube full movie free drama movie teen thriller full film latest movies full movie english english movies,movies
pALLlHpu7zw,Denzel Washington |  newly released action movie2025 | Full Action movie #action  b3,Denzel Washington | newly released action movie2025 | Full Action movie #action b3 Join our growing community of film ...,1,,movies
-rapMJL_ZDg,Perfect Order To Watch All The 10 Movies Of Conjuring Universe 🤯 #shorts,Perfect Order To Watch All The 10 Movies Of Conjuring Universe #shorts #marvel #endgame #infinitywar #rdj ...,24,#shorts #the abhay dyansty #bnftv #yt shorts india #viral #thor #loki #endgame #infinity war #mcu #conjuring #horror #conjuring 2 #secret wars #spiderman #pj explained #avengers doomsday #comic verse #desinerd #super super,movies
AU7uMoIxGtY,Somebody shot a horror movie inside of Disney World without permission #movies #cinema #disney,,1,,movies
sXSatkz3Kqc,#Tubi Movies Be Like 😂🤣😂🤣 #trendingshorts #shortsfeed #funny #shorts #shortsyoutube #tubimovies,Movie “ No Disrespect “ on #tubi Hood classic 2025 For Business : CapCityKreations@gmail.com FOLLOW US ON ...,24,#Tubi #Funny #movie #lowbudget,movies
m3o4bSs4PK8,Mistakes Left In Movies,Follow me here: Instagram ▻ https://www.instagram.com/sambucha X ▻ https://www.x.com/sambucha Become a Member: ...,24,,movies
MKK_b-D2hMQ,This Film Will Keep You Glued To The Screen | Revenge Drama Thriller | Seagull | Movies to Watch,"After 8 years of survival on a beach, Rose returns to her hometown to settle unfinished business. Starring - Gabrielle Sheppard ...",1,movies best movies uk the midnight screening II free movies best movies 2025 movies 2025 seagull thriller movie thriller movies 2025 best thriller movies thriller movies full english thriller movies thriller films psychological thriller movies mystery thriller movies crime thriller movies suspense movie tense thriller movies revenge thriller movies best thrillers 2025 revenge movies drama adam radcliffe jessica hynes paul forman revenge drama,movies
RfkApXDDK40,Coneheads,The Coneheads were a sketch on the Saturday Night Live television show of the late '70s which were expanded to feature-length ...,30,,movies
cjPzpTF09MQ,"Smích, chaos a vzpomínky oživují minulost","Smích, chaos a vzpomínky oživují minulost.",1,,movies
LyAw5Uop6f8,Ranking Scary Movie Moments 😭,,1,,movies
AKbY3HkVRfI,Nani – The Most Underrated Star of Telugu Cinema | Tata Play Binge,"This video celebrates Nani as one of the most versatile and respected actors in Telugu cinema. While stars like Prabhas, Allu ...",24,Nani – The Most Underrated Star of Telugu Cinema | Tata Play Binge nani telugu cinema tollywood south indian movies gang leader jersey v movie saripodhaa sanivaaram hit 3 tata play binge ott movie recommendation underrated actors indian cinema watch now film lovers binge watch south cinema,movies
IVp6XNYNDeA,Animated Movie - Megamind (2010) #animated #movie #megamind,Animated Movie - Megamind (2010) #animated #movie #megamind.,24,,movies
1pBTOyREJ3U,The “Standoff” story from Andy ’s point of view #movie #film #movieclips #tvshow  #edit #horror,fyp #movie #movies #shorts.,22,,movies
S8ICNUgNbRk,Falling Down,"Academy Award-winners Michael Douglas (""Disclosure,"" ""Wall Street,"" and ""Basic Instinct"") and Robert Duvall (""A Civil Action,"" ...",30,,movies
hFf5N7B4-Bc,"I, ROBOT 2 Full Movie 2025: Awakening | FullHDvideos4me Free Sci Fi Movies 2025 English (Game Movie)","I, Robot 2 Full Movie 2025: Awakening | FullHDvideos4me Free Sci Fi Movies 2025 English (Game Movie) ✓ Subscribe: ...",1,I Robot I Robot 2 I Robot Movie I Robot 2025 I Robot Full Movie The I Robot I Robot 2 Movie Movie Movies Full Movie Full Movies Full Movies free Movies 2025 full movies Movies 2025 full movie Free Movies Free Movie Free Movies 2025 Free Movies on Youtube YouTube Movies Movie 2025 Movies 2025 Full Movie 2025 Sci Fi Science Fiction Sci Fi Movies Sci-Fi Movies Sci Fi Movie Science Fiction movies Science Fiction movie Game Movie FullHDvideos4me,movies
PR4ze80zuoE,CYPHER : Will Smith | New Action Movie AI. 2025 | Full Movie | 4K HDR #actionmovies,JoyDrama2 Subscribe Here ❤ ♢ C A S T : Jason Statham ( Keyn ) Dwayne Johnson ( Shaw ) Scott Adkins ( Lawry ) Scarlett ...,24,movies 2025 full movie action movies 2025 full movie english movies 2025 full movies english movies latest movies 2025 full movie movies 2025 full movie new releases hollywood movies 2025 full movie action movies Jason Statham new movies 2024 full movie New Fantasy Movie United State New Movies New Action Movie Hollywood Film Movie english movie Full Movie Fight Scens Exclusive movies liam neeson taken 8 liam neeson taken Will SMith I AM LEGEND,movies
aQLJn-rzPgI,Movies That Are Different In Other Countries,Follow me here: Instagram ▻ https://www.instagram.com/sambucha X ▻ https://www.x.com/sambucha Become a Member: ...,24,,movies
mrQ3baHBb3w,Spiderman&#39;s best friend Ned&#39;s dark future... #spiderman #movies,Subscribe.,1,,movies
stimi7i6fAk,Jesse Stone: Death in Paradise (2006) - FREE MOVIE,"Jesse Stone: Death in Paradise (2006) stars Tom Selleck, Viola Davis, and Kohl Sudduth in one of the most acclaimed entries of ...",1,watch free full free full free movie full film full movie free full film watch free movie stream free stream movie free free film movie stream thriller mystery jesse stone jesse stone series jesse stone movie jesse stone 2006 2006 2000s action tom selleck tom selleck movie tom selleck 2000s tom selleck action movie viola davis viola davis movie death in paradise jesse stone death in paradise action action movie,movies
huccFCK7q-U,Can You Name Adam Sandler’s Ten Highest Grossing Movies? #fypシ #movies #adamsandler #funny,,24,,movies
N5EMsqvP9fk,Denzel Washington |  newly released action movie2025 | Full Action movie #action  vxefngt,Denzel Washington | newly released action movie2025 | Full Action movie #action vxefngt Join our growing community of film ...,1,,movies
PVjeOvxGlrA,Based On A True Story | A Stranger’s Gift 2025  | Drama Thriller Movies 2025,Based On A True Story | A Stranger's Gift 2025 | Drama Thriller Movies 2025.,1,Based On A True Story Drama Thriller Drama Movies Thriller Movies,movies
YCD0Te0oiak,Top 5 Most Watched Netflix Movies 🎬,shorts #armanzaidi #movies #top5 #trivia #netflix #leavetheworldbehind #birdbox #theadamproject #dontlookup #rednotice ...,24,Top 5 Most Watched Movies on Netflix Top 5 Most Watched Netflix Movies,movies
ixi37tR5bcs,Deadly Friends FULL MOVIE | For Fans Of Lifetime Thriller Movies | Alice Krige | Femme Fatales,"A wealthy young Canadian department store heiress tries her best to help out a deeply troubled and jealous childhood friend, with ...",1,empress movies girls night movies women's movies english movies for women full movies for women free movies english full movies full movies 2025 best movies 2025 Lifetime Thriller Movies Lifetime Thrillers Lifetime Thriller Movies 2025 Lifetime Movies Lifetime Lifetime Network lifetime college movies 2025 female thriller movies thriller movies thriller movies 2025 best thriller movies english thriller movies thriller films deadly friends drama movie,movies
-DHiqUKtZZ0,I Regret Watching These 3 Popeye Horror Movies,I Review 3 Popeye Horror Movies giving you my FULL movie reaction . 0:00 Intro 1:46 Popeye The Slayer Man Review 11:12 ...,24,,movies
8FQumhseAwA,Bigil Full Movie 2025 | Vijay Thalapathy Hindi Dubbed Action Film | South Indian Blockbuster HD,Bigil Full Movie 2025 | Vijay Thalapathy Hindi Dubbed Action Film | South Indian Blockbuster HD.,22,,movies
xfreVbviaRE,Hero No Zero – The Most Nonsense Movie That’ll Still Make You Laugh! | Tata Play Binge,"Hero No Zero is the most brain-rot, non-sensical spoof movie you'll ever watch — and yet, it'll make you laugh like a kid!",24,Hero No Zero – The Most Nonsense Movie That’ll Still Make You Laugh! | Tata Play Binge hero no zero spoof movie bollywood comedy nonsense movie parody film brainrot cinema funny movie tata play binge indian cinema cult comedy bollywood parody cringe comedy must watch funny movie OTT recommendation watch now binge watch,movies
jJBTDDoAz2Q,Which Movie Has The Most Remakes?,Follow me here: Instagram ▻ https://www.instagram.com/sambucha X ▻ https://www.x.com/sambucha Become a Member: ...,24,,movies
vwmVt23-5KI,A Romantic Movie You’ll Want to Watch Again 💕 | Craft Me A Romance - Full Version,Don't Miss It! A Romantic Drama Everyone Wants to Watch | Craft Me A Romance - Full Movie Name: Craft Me A Romance ...,1,craft me a romance full movie romantic movie full love story full movie hallmark style romance romantic drama film watch full movie free romance movies romantic comedy full love and passion movie feel good romance romantic film english best romantic movies free full movie youtube full movie romance romantic story heartwarming love film romantic movies online craft shop love story movie english english action movies romance movie drama movies,movies
YQWet1iE0Rc,Her Story of Pain 2025 | A Thriller Movies 2025 New Releases | Based On True Story 2025,Her Story of Pain 2025 | A Thriller Movies 2025 New Releases | Based On True Story 2025 My daughter is the victim.,22,,movies
79595KOkMvY,"10 DAYS IN HELL | True Story Thriller Full Movie | Fear, Madness, Survival","10 Days in a Madhouse (2015) — a dark drama based on the true story of journalist Nellie Bly, who in 1887 pretended to be ...",1,movie in English drama thriller crime mystical,movies
AzZYBScQV90,Ranking HALLOWEEN Movies Without Knowing What’s Next! #shorts #halloween #spooky #rank #movies,,24,,movies
Ge5anQkuqvk,The World Before the Flood – The Movie (2025) Full Biblical Film 4K,"Important Notice: The stories of the Nephilim and the Watchers belong to a universe of ancient traditions that exist alongside, but ...",24,,movies
xrVt-Z5iA1Q,動作電影！恐怖分子叢林伏擊特種兵，不料特種兵絕地反擊，一舉殲滅所有敵人,正版授權！Officially Licensed! Subscribe for more Videos 訂閱 ...,22,,movies
Yk_JamY-YZc,We Could Watch It From The Front | Anjelah Johnson-Reyes #standup #comedy,,23,,comedy
OLGrx-m-0iA,2 Hours of All Killer Comedy | Stand-Up Comedy Compilation,2 hours of comedy you can't walk away from. Enjoy! Comedians in order of appearance: 0:00:00 Chad Daniels - Twelfth Night ...,23,Humor Comedy Stand-up Standup Jokes Funny Video Funny Comedians Comic funny clips dry bar comedy drybar comedy clean comedy clean comedians clean jokes PG 800 pound gorilla 800pgm 800 pound gorilla media best clean comedy nateland funny jokes safe for work sfw family friendly family safe clean standup killer comedy josh blue brooks wheelan chad daniels,comedy
d2K4QHZgxvc,जब मैं भूल जाती हूं कि मैं ससुराल में हूं 😜🤣 Comedy Shorts #trending #viral #funny #shorts #comedy,जब मैं भूल जाती हूं कि मैं ससुराल में हूं Comedy Shorts #trending #viral #funny #shorts ...,22,Comedy video Haryanvi Funny Reels Haryanvi comedy Hindi Comedy video Lalit shokeen funny comedy shorts funny video funny video haryanvi haryanvi chutkule haryanvi comedy natak haryanvi comedy reels haryanvi comedy video haryanvi jokes haryanvi natak haryanvi reels funny haryanvi shorts keshav shashi vlogs latest haryanvi jokes new haryanvi jokes shorts viral comedy shorts funny shorts comedy shorts mother and prince sas bahu ki comedy,comedy
xwf9BjE6izE,વાઘ નું લોકેશન//Gujarati Comedy Video//કોમેડી વીડીયો SB HINDUSTANI ,,23,,comedy
PMGWVyM2NJo,Ryan Sickler: Live &amp; Alive | Full Comedy Special,"Ryan Sickler's new standup comedy special, LIVE & ALIVE, is a raw, hilarious, and deeply personal look at surviving a near-death ...",23,Ryan Sickler The Honeydew Shorts Comedian Ryan Sickler The Honeydew with Ryan Sickler Ryan Sickler Podcast Honeydew shorts comedy Podcast comedy podcast shorts Shorts feed shorts shelf Ryan Sickler Shorts The honeydew with ya'll The Wayback the wayback podcast The Wayback with Ryan Sickler,comedy
BJkcU3hkh4I,SIM🤣#Simcomedy#funnyvideo#tamilbestcomedy #funnyvideos#viralshort #funny#comedy#trendingshorts#trend,funnyvideo#tamilbestcomedy #funnyvideos#viralshort #funny#comedy#trendingshorts#trend ENNA KATHAI என்ன கதை ...,23,sim card comedy sim card sim funny video result trending trending comedy viral short viral comedy viral short video comedy tamil comedy comedy video funny video comedy videos tamil funny videos funny videos comedy scenes new funny video tamil comedy movies tamil comedy video funny videos in tamil tamil funny comedy comedy video tamil tamil funny video funny video tamil new short comedy Tamil comedy video Tamil comedy Tamil short entertainment,comedy
ehx1eNLSlvU,#funny #comedy,funny #comedy.,23,#funny #comedy shorts funny comedy viral video puro Bangla hasir video notun notun Bangla hasir video shorts viral tiktok,comedy
xCyHcvoEUHY,അങ്ങനെ ആയാൽ 😂 #shortvideo #comedy #youtuber #youtubeshorts,,22,,comedy
tAjHg3kx_Ww,Must Watch New Very Special Funny Video 2024😂Top New Comedy Video 2025 😁Epi 32 mehnati fun,Must Watch New Very Special Funny Video 2024  Top New Comedy Video 2024 Epi 191 Bindas Funny Club new funny ...,23,Must Watch New Very Special Funny Video 2024😂Top New Comedy Video 2025 😁Epi 12 mehnati fun,comedy
P0EC0jA56U8,"COMEDY DARBAR S2 || Live Dohori Special Full Episode | Tika Sanu, Rabin Lamichhane, Prakash Parajuli","COMEDY DARBAR Season 2 (New Season) || Live Dohori Special Full Episode (Episode 2) || Tika Sanu, Rabin Lamichhane, ...",24,osr reality comedy darbar comedy darbar season 2 Gauri Malla CD Vijaya Adhikari Pabitra Shanki Suzta Shrestha Pawan Khatiwada Himesh Panta Bikash Aryal nepali show show nepali comedy darbar episode 60 Episode 60 Trailer comedy darbar s2 nepali comedy darbar special Mukunda Shrestha Astha Raut Kamal Khatri Ashma Bishwokarma musci and dance special comedy darbar comedy darbar new promo,comedy
dhuCnyhdDVc,Amma Comedy 😛😛 #vjmanoj #comedy #comedyfilms #ammamagacomedy #comedymovies #funny #funnycomedy #,,23,,comedy
Hrm9r59TrAg,school comedy 🤣#funnyvideo#tamilbestcomedy #funnyvideos#viralshort#funny#comedy#trendingshorts#trend,funnyvideo#tamilbestcomedy #funnyvideos#viralshort #funny#comedy#trendingshorts#trend ENNA KATHAI என்ன கதை ...,23,trending trending comedy viral short viral short video comedy tamil comedy comedy video funny video comedy videos tamil funny videos funny videos comedy scenes new funny video tamil comedy video tamil funny comedy comedy video tamil funny video tamil new short comedy Tamil comedy video Tamil comedy Tamil short entertainment,comedy
b1pjQORM_M0,"नेवता के साड़ी के लिए, देखिये बियाह में औरतों का कैसे होता है लड़ाई।|Gawar Bhauji Priti Singh Comedy","नेवता के साड़ी के लिए, देखिये बियाह में औरतों का कैसे होता है लड़ाई।",23,nevtarhin ka jhagada ladai Comedy video nevtarhin kaise aapas me ladai karti hai jhagada Comedy video ganv ke shadi me aurat kaise jhagada ladai karti hai Jhagada ladai Comedy video Aurato ka jhagada ladai dehati parivarik comedy video ganv me aurat kaise ladai karti hai Jhagada ladai dehati parivarik comedy video Ganv ki aurat kaise ladai jhagada karti hai Jhagada ladai new dehati Parivarik comedy video Aurato ka jhagada ladai Comedy video Gawar Bhauji,comedy
X0D8BHRXssg,क्रिकेट वाला वीडियो ||🤣🤣🤣|| Lucky Comedy #shorts #trending #viralvideo,रिकेट वाला वीडियो ||      || Lucky Comedy #shorts #trending #viralvideo #Cricket wala Video #Gaon ka cricket ...,23,#Shorts Comedy Video #Trending Comedy Video #Viral Comedy Video #Funny Comedy Video #Lucky Comedy Video #Pulley Comedy Video #Piyush Comedy Video #Naman Jaunpuriya #Youtube Comedy Video,comedy
EBp82_0KFnY,बिना निमंत्रण के पकड़े गए 🤣 अवधी कॉमेडी वीडियो#pkavadhicomedy #comedy #funny #shoertvideo #reels,,23,,comedy
W80flDK4a8s,#comedy #funny,comedy #funny.,23,#comedy #funny shorts funny comedy viral video puro Bangla hasir video notun notun Bangla hasir video shorts viral tiktok,comedy
ZXC0DDdaDUA,வாழைப்பழம் 🤣#funnyvideo#tamilbestcomedy #funnyvideos#viralshort #funny#comedy#trendingshorts#trend,funnyvideo#tamilbestcomedy #funnyvideos#viralshort #funny#comedy#trendingshorts#trend ENNA KATHAI என்ன கதை ...,23,trending trending comedy viral short viral short video comedy tamil comedy comedy video funny video comedy videos tamil funny videos funny videos comedy scenes new funny video tamil comedy video tamil funny comedy comedy video tamil funny video tamil new short comedy Tamil comedy video Tamil comedy Tamil short entertainment,comedy
Y2cTUFpHoEc,Manchi manasu 😂 #funny #comedy #jokes #memes #sureshguru #shorts,Manchi manasu #funny #comedy #jokes #memes #sureshguru #shorts.,23,Suresh guru Suresh guru funny Suresh guru comedy Suresh guru jokes Suresh guru memes Suresh guru reels Suresh guru videos Suresh guru shorts Telugu comedy videos Telugu comedy suresh guru,comedy
-epmYu2XUGU,Sujiiii shocked 😳 #trending #funny #srinisuji #comedy #tamilcomedy #dreamcouples #mamiyarmarumagal,Sujiiii shocked #trending #funny #srinisuji #comedy #tamilcomedy #dreamcouples #mamiyarmarumagal #ammacomedy ...,22,#seinisuji #dreamcoiples #funnyvideos #tamilcomedys #funvideos #amma,comedy
FMevjQnZMBk,Power of Wife 😜🤪 Comedy Shorts #funny #shorts #comedy #trending #youtubeshorts,"Power of Wife Comedy Shorts #funny #shorts #comedy #trending #youtubeshorts Keywords:- keshav shashi vlogs, Keshav ...",22,Comedy video Haryanvi comedy Hindi Comedy video funny comedy shorts funny video funny video haryanvi haryanvi comedy video keshav shashi vlogs latest haryanvi jokes new haryanvi jokes shorts viral comedy shorts funny shorts comedy shorts sas bahu ki comedy Viral Reel Trending Comedy Funny Short Ytshorts Keshav Shashi Jokes vlogs Family,comedy
H71hq8R7bKs,मम्मी हुई प्रेगनेंट #shortvideo #funnyvideo #comedy,,23,,comedy
tnPvBUd-TLY,সম্পূর্ণ ভিডিও টা দেখ || comedy video || best funny video || hasir video #sorts,সম্পূর্ণ ভিডিও টা দেখ || comedy video || best funny video || hasir video #sorts @gopen2000 #banglafunny ...,22,,comedy
zmSTBkkVT00,school 🤣#funnyvideo#tamilbestcomedy #funnyvideos#viralshort #funny#comedy#trendingshorts#trend,funnyvideo#tamilbestcomedy #funnyvideos#viralshort #funny#comedy#trendingshorts#trend ENNA KATHAI என்ன கதை ...,23,trending trending comedy viral short viral short video comedy tamil comedy comedy video funny video comedy videos tamil funny videos funny videos comedy scenes new funny video tamil comedy video tamil funny comedy comedy video tamil funny video tamil new short comedy Tamil comedy video Tamil comedy Tamil short entertainment,comedy
YY_bCPFDSTM,My Students are Woke Bullies | Eeland Stribling | Stand Up Comedy,Comedian (and winner of the 1st Don't Tell Comedy Competitive Comedy Competition for Comedians) Eeland Stribling on ...,23,donttellcomedy don't tell comedy stand up comedy best comedy stand up comedy full stand up comedy full special 2024 stand up standup comedy comedy videos funny clips stand up comedy 2024 stand up comedy full special funny jokes dont tell comedy best stand up stand up comedy 2025 eeland stribling eeland stribling comedy eeland stribling stand up comedy eeland stribling comedian,comedy
kOZ82WNUBKw,(🙏🙏🙏 comedy🙏🙏),"Disclaimer :- Under Section 107 of the Copyright Act 1976, allowance is made for 'Fair Use' for purposes such as criticism, ...",24,,comedy
VQJLhS7-2ss,sas bahu...🤣 #comedy #anandraj #shorts,,23,,comedy
0nTzRag1hWc,Unga mama ipadi thana ? #shorts #shortvideo #shortsfeed #trending #funny #comedy #money #like,,24,,comedy
VDasu932SpE,❤️ #panamatta #comedy #comedymoments #tamilmusic #funny #comedyking #tamilsong #love,,23,,comedy
hq-ukJOcAsI,Tag your friends jinki girlfriend h 🤣❤️ #shorts #bobbyprankster,,22,,comedy
EV6ONJP68r4,Jo kharidna he kharid behan😂 #shorts #funny #comedy,,23,,comedy
7D9esIMaDRY,बुलकनी लेडीज़ टेलर [ New Comedy ] Bulkani Ladies Tailor Comedy ललटेनमा बुलकनी टेलर@UdaydoctorBodhgaya,बुलकनी लेडीज़ टेलर [ New Comedy ] Bulkani Ladies Tailor Comedy ललटेनमा बुलकनी टेलर ...,23,bulkani ladies tailor comedy bulkani ladies tailor comedy video bulkani ladies tailor laltenma ki comedy bulkani ladies tailor magahi comedy laltenma ke bulkani ladies tailor comedy video bulkani ladies tailor lalten wala comedy bulkani ladies tailor lalten raja ki comedy laltenma ke bulkani ladies tailor comedy laltenma ki comedy laltenma ke new comedy बुलकनी लेडीज टेलर कॉमेडी lalten wala comedy jhumki wala video jhumki wala comedy devraj studio kurtha comedyyy,comedy
RFE5zAAWsyk,#sonumalang #comedy 😂😂😂,,22,,comedy
C1vCGvoos0k,😅 Kapil Sharma latest Episode || Trending Comedy With Kapil Sharma #shorts #kapilsharma #comedy,Kapil Sharma latest Episode || Trending Comedy With Kapil Sharma #shorts #kapilsharma #comedy 1. Kapil Sharma comedy ...,23,Kapil Sharma latest Episode || Trending Comedy With Kapil Sharma #shorts #kapilsharma #comedy comedy video Kapil Sharma comedy video Indian actress wedding Indian laughter challenge comedy king comedy show comedy circus kapil Sharma Comedy Circus funny video funny moment funny,comedy
c1WckZi-mPQ,kalti Girlfriend 🤪!!@sabfyen #shorts videos,,22,,comedy
oS9eEwKXFpI,Single ee bestuu😎 #funmoji2d #comedy #villagecomedy #funny #single #love #lover #comedyshorts,funmoji2d #comedy #funny #love #lover #gf #bf.,22,Funmoji funmoji 2D funmoji new funmoji fun moji funmoji telugu funmojitelugu funmoji official telugu comedy funmoji comedy fun emoji middle class comedy videos funmoji latest middle class comedy funmoji new episodes funmoji new video village fun telugu village comedy mama alludu School School memories School life School fun Childhood memories Nostalgia Nostalgic Love Lover Girlfriend Boyfriend Boy Girl Girls Single Single status Marriage Wedding,comedy
176LrkpDCKQ,😆attention 😆🤣 #school #comedy #trend #viral,,22,,comedy
T1TiB-5x58M,ഒറ്റ മൈനയെ കണികണ്ടാൽ ഇത്രയ്ക്കൊക്കെ വരുമെന്ന് ഞാൻ കരുതിയില്ല 😑 #comedy #youtubecomedy #funny,comedy #funny #youtubevideo #youtubecomedy #kingini.,23,gaya3 kingini funny comedy youtube youtubevideo kinginicomedy gayathrigayu,comedy
MqUx69rm7YI,Gabbar ka Diwali  😂-#funnyvideo #funny #shorts ￼,,23,,comedy
yU5130kNDB8,Gussa mat karo medam😂 #shorts #funny #comedy,,23,,comedy
uV_5CzXLZJ4,#comedy #funny,comedy #funny.,23,#comedy #funny shorts funny comedy viral video puro Bangla hasir video notun notun Bangla hasir video shorts viral tiktok,comedy
yZPSfbbMkDQ,நலம்தானே..🤕👍..💯twist comedy..🙏🏻🤣🤣 #shorts #funny #comedy,Thanks for support and love ❤️        …   உங்களின் அன்பிற்கும் ஆதரவுக்கும் ..             ...,23,Shiva entertainment comedy Twist comedy Full fun and comedy Full entertainment comedy Village comedy Drinking Party 🎈 Drinking comedy,comedy
TJUPhAyR8iA,Rocky Ka Train Drama #funny #comedy @ajaysoni569,Rocky Ka Train Drama #funny #comedy.,24,Rocky Ka Train Drama drama hindi comedy funny train comedy video funny video,comedy
HqC_ds9WB04,#mukalepparealteam #comedy,mukalepparealteam #comedy.,22,,comedy
tY7rIEsDROE,#mukalepparealteam #comedy,mukalepparealteam #comedy.,22,,comedy
HdOKqgAV7JA,Wait for the twist 😂 #comedy #comedyvideo #shorts #youtubeshorts #funny #funnyvideo,,23,shorts short youtube shorts yt shorts shorts video telugu comedy videos funny telugu videos comedy videos funny comedy videos wait for twist wait for end real end twist trending shorts,comedy
aMzNXzyr_wI,Comment your fav🔥🤣 #shorts #diwali #funnyvideo #tamil #comedyvideo,,22,,comedy
H-vSDzJYQ58,चुड़ैल की पिटाई | pagal beta | cs bisht vines | desi comedy video | joke of,"cs bisht vines, pagal beta, cartoon, chintu ke karname, chinki ke karname tinu ki saitani, comedy, cartoons, funny, cartoon.",23,cs bisht vines pagal beta pagal motu animated animations एनीमेशन cartoons cartoon bittu sittu toons chintu ke karname chinki ke karname bunti bubli chinu tinu ki comedy tinu ki saitani chintu chinki ki comedy comedy funny,comedy
KjtLX5DsiuM,Amazing Injection Wala Comedy Video 2025 #funnvideo2025 #funny #ytshorts #comedy #shorts #video,Amazing Injection Wala Comedy Video 2025 #funnvideo2025 #funny #ytshorts #comedy #shorts #videos.,23,,comedy
tOqlu6SqnwU,पत्नी VS पति 😜🤪 Comedy Shorts #comedy #funny #trending #shorts #youtubeshorts,"पत्नी VS पति Comedy Shorts #comedy #funny #trending #shorts #youtubeshorts Keywords:- keshav shashi vlogs, ...",22,Comedy video Haryanvi comedy Hindi Comedy video funny comedy shorts funny video funny video haryanvi haryanvi comedy video keshav shashi vlogs latest haryanvi jokes new haryanvi jokes shorts viral comedy shorts funny shorts comedy shorts mother and prince sas bahu ki comedy Viral Reel Trending Comedy Funny Short Ytshorts Keshav Shashi Jokes vlogs Family,comedy
twnzyTVMPIg,Indian Middle Class Things 🤬🍆 #shorts #relatable #comedyshorts #funny,Indian Middle Class Things #shorts #relatable #comedyshorts #funny.,23,Shorts comedy funny comedy shorts viral shorts jaykeviness comedy video indian family comedy shorts youtube trending comedy shorts vines lol memes viral comedy video jay singh comedy shorts indians Indian Middle Class Things comedy video dekhein indian moms,comedy
47eBCFnNAnc,【vlog】休日3日間の過ごし方⋆⭒˚.⋆セリア購入品🤍セルフネイル💅🏻iPhone17📲♡,今日も見てくれて本当にありがとうございます  ♡！ 提供：CASETiFY 下記のリンクからの購入で15%OFFになります！,22,,vlog
Zn7-NsmJd-8,VLOG DE NOTRE SEMAINE À LONDRE [ UN VOYAGE INCROYABLE COMME NOUS ;) ] ,Voyagez avec nous les chéries.,1,Vlog Vlog Londres london une semaine avec nous molyem molyem à Londres,vlog
08PHNJsXrIc,weekly vlog | new nyc apartment + tour +photoshoot +diwali +home shopping &amp; more | allyiahsface vlog,Hi hoochies! what an insane week... lol as always everything is linked below for you! Shop my perfume here!,22,AllyiahsFace allyiahsface grwm allyiahsface vlog allyiahsface instagram allyiahsface vlogs weekly vlog day in my life vlog a day in my life vlog daily vlog long vlog vlog day in the life vlog vlogging daily vlogs vlogs aesthetic vlog a day in my life nyc apartment tour nyc apartment new york vlog nyc influencers allyiahsface perfume dossier allyiah moving vlog moving to nyc vlog home decor vlog living in nyc nyc vlogger nyc moving vlog,vlog
9eJNGKxKENg,"MOVING IN to my FIRST EVER APARTMENT + TOUR ♡📦 organizing, building &amp; hauls (moving diaries EP.4)",୨୧⋆｡⋆ ♡ * MOVING VLOG! i know you guys all want to get a glimpse of the place so bad and trust me I WANT TO SHOW ...,22,,vlog
8wLlMg9ZdXs,VICEION: Happily SEVEN After! | VICE GANDA,Ganda ka? Edi subscribe na sa aking YouTube channel para updated kayo sa aking mga chikahan at ganap!,23,vice ganda vice ganda meme vice meme vicegandako praybeytbenjamin teamviceph vice ganda house tour vice ganda funny moments vice ganda movie gabing gabi na vice,vlog
UWugPc2SH9I,Haram Sharif 🕋 | Clock Tower Mall ⏰️| Albaik🍗 | Makkah Vlog ,Haram Sharif | Clock Tower Mall ⏰️| Albaik   | Makkah Vlog | Sadim Khan | Maria khan | Umrah ...,22,team03 Sadim Khan Maria khan umrah umrah Vlog makka Sharif haram Sharif Saudia Arabia makka Clock Tower shopping namaz family Vlog Vlog albaik food clock Tower Mall,vlog
5vZiCFkicQI,"VLOG: Spend a Few Cozy Days with me! Fall Shopping, Baking Pumpkin Bread, Fresh Fall Manicure","Hi loves!! Come along with me for a few cozy fall days ✨ Fall shopping with my bestie, making pumpkin bread, and treating ...",22,,vlog
1FVLBwfMGOg,1 HORA DE VLOG NA PRAIA E NO PARQUE NOS EUA!!!,"YOHA, viva sua melhor versão https://vivayoha.com.br/ ATENÇÃO ESTE VIDEO É MERAMENTE PARA ENTRETENIMENTO E ...",24,camila loures CAMILA LOURES XIS xis lago mansao MANSAO CASA serie pop 24 horas 24 HORAS TEMPORADA temporada festa FESTA ANIVERSARIO aniversario surpresa SURPRESA morar juntos FAMILIA familia loures familia challenge desafio DESAFIO CHALLENGE TROLLEI PRANK trollei trolagem prank TROLAGEM MUSIC MUSICA OFFICIAL CLIPE WEBSERIE webserie gravida GRAVIDA NAMORADO namorado crush casal tiktok piscina PISCINA CRUSH TIKTOK mrbeast MRBEAST,vlog
g_h-yCk-y8E,"living alone vlog in NYC 🚕  grocery restock, home-cooking, productive days",the living alone vlogs are soooo back babyyy! ✩ MY SOCIALS ✩ business inquiries only: viaa.ilyou@gmail.com second youtube ...,26,,vlog
sfq538kGC48,In OCTOBER 💛 - A Lagos Vlog | Work | Events | Shoots | Fun | Life of Beautypreneur ,"Whewww October was a MONTH! From my The Shine Cartel's first pop up to getting settled in Lagos from Japan, to events, brand ...",22,Diana in Lagos Lagos vlog October vlog Life of an influencer Living in Lagos Detty December Fun things to do in Lagos Lagos aesthetics Lifestyle influencer Beauty Influencer Diana Eneje Diana Eneje vlogs Diana Eneje travel Weekly vlogd Day in the life of Diana,vlog
HxqERkwuttc,LAUDE FAMILY VACAY: Visiting the Google &amp; Youtube Office in Singapore with the boys! | Small Laude,"SmallLaude #Singapore #Google Don't forget to like, comment, and subscribe for more vlogs! OF COURSE! NO BASHING!",22,small laude vlogger small laude vlog lifestyle fashion luxury travel daddeh alice eduardo timothy laude pj laude allison laude michael laude philip laude,vlog
APtg7Mg0PM8,土砂降りの音で目が覚めた朝の日のvlog🌧🍒#PR #Lena_jp #リナヘアアイロン ＃ワイドストレートアイロン#ヘアアレンジ#ヘアケア#vlog,,22,,vlog
8EEDB4-y8mg,Ralo - Chapter 51 | Building 10 Houses [VLOG],All Chapters are short documentaries of Ralo and the Fam Goon family. Each chapter represents a time in our lives that was ...,10,Ralo ralo ralo 2023 ralo famerica famerica Ralo Famerica Famerica ralo new music ralo new release hip hop rap famerican atlanta atlanta rapper Atlanta georgia ralo famerica new music new music ralo famerica famgoon,vlog
nyhO-9pkrxo,CARWASH GIRLS WITH RUFA MAE | IVANA ALAWI,Follow me! Instagram: @ivanaalawi https://www.instagram.com/ivanaalawi Twitter: @ivanaalawi ...,22,ivana alawi fpj ang probinsyano mea culpa sino ang may sala abs cbn alawi ivana vlog ivana rufa mae carwash strangers challenge free funny dare,vlog
c3dIiwN6h9k,Korku Evi Vlog. Ecrin Su Çoban &amp; İlke Susyal &amp; HÜSO,"Arkadaşlarım, Zeynep, @ilkesusyal ve kardeşim @huseyinerkincoban ile birlikte korku evine gittik. Parkurları çözmek ve devam ...",22,Ecrin Su Çoban vlog eğlence challenge komedi kahkaha gerilim korku dekor arkadaşlık birliktelik başarmak birlikte başarmak zorlukların üstesinden gelmek için birlik olmak ekip çalışması,vlog
V7HfoNiQ_Js,ULTIMATE FALL NYC VLOG,FOLLOW ME!! instagram: erica.ha https://www.instagram.com/invites/contact/i=oqar1lwokhhu&utm_content=gyi34t tiktok: ...,22,hjevelyn erica ha Emily ha ha sisters college vlog teenager vlog nicole laeno Nicole laeno vlogs fred and evelyn fred and hjevelyn fred and hjevelyn dating? thirdwheeling 3rd wheeling third wheeling my sister vlog highschool vlog erica ha's vlog first day of school a day in my life vlog a day in my life in nyc fredliu what I eat in a week korean food mukbang what I eat in a day korean food grammarly living alone 20s in nyc nyc vlog,vlog
AslrG6AaxYs,BANGUNGOT,We survived Nightmares Manila! Jump scares. Real screams. Real chaos. Watch 'til the end #PambansangYobab ...,24,,vlog
tKLAw7qu1iM,CANIMIN PARÇASI 🐶 #vlog,,22,,vlog
6xWVI8lq2ZI,Mission November Unfolds! Fake Video Scandal Uncovered || Imran Riaz Khan VLOG,Pakistan #PakistaniPolitics #PTI #ImranKhan #Establishment #Political #Economy #Crisis #imranriazkhan #imrankhanpti ...,25,imran riaz khan latest imran riaz khan imran khan latest news imran riaz khan latest video today imran khan imran riaz khan latest video imran khan pti imran riaz khan youtube channel imran riaz khan today imran riaz khan channel imran riaz imran riaz khan today news imran riaz khan arrest imran khan news imran riaz vlogs imran khan anchor imran riaz khan news Pakistan Pakistani Politics PTI Imran Khan Establishment Political Economy Crisis #imrankhan,vlog
XFoJTTwwy5g,Saturday morning vlog ✨,,27,,vlog
X8JIhLoouGk,high school day in my life vlog *4 am*,hi guys!! in today's video I will be taking u guys along with me during a super early high school day in my life! this vlog is so much ...,22,,vlog
CoieFLMP8Vc,夜投稿のvlog伸びるかな #コスメ #人気になりたい #サンリオ #生活音初心者 #素材収納 #メイク #vlog #ダイソー #シール帳 #シール,,22,,vlog
JqWJyLvLazo,🏡❤️ ROTINA DE PAI SOLO - ATUALIZAÇÃO SOBRE A GELADEIRA #vlog #cozinha #vlogcomigo #receitas,,22,,vlog
TjIxYxE0fxI,VLOG: PREZENT NIESPODZIANKA OD MOJEGO MĘŻA!,"Cześć! W dzisiejszym odcinku zabieram Was ze sobą na luźny dzień ze mną. Zobaczycie ⁦m.in⁩ pilates z moją przyjaciółką, ...",24,ekipa dom ekipy friz karol wiśniewski niespodzianka t5m genzie q&a twoje 5 minut Maja vlog wiśniewska wersoww Wersow Weronika Sowa Weronika Wiśniewska vlog Wersow nowy film Wersow Maja Wiśniewska córka Wersow Karol Wiśniewski jesienny vlog Wersow makijaż Wersow niespodzianka Wersow niespodzianka Friz nowa płyta Wersow przyjaciółka Wersow Julia Wicher pilates włosy Wersow prezent dla przyjaciółki prezent od męża niespodzianka od męża WERSOW,vlog
VY-AsEgHshs,PERIODS PRANK ON RAJJU 🥺 #rajjufam #vlog #vlogger #rishabkhan #india #vlogvideo #video #lovestory ,rajjufam #vlog #vlogger #trending #foryou #trending #love #vloggerlife #rishabkhanvlog #rishab #shivifam #sahinakhan ...,24,,vlog
j_FMZ_6PAZQ,デート準備する朝VLOG🪞💐全部1軍アイテムで準備したから参考になるといいな🍧✊🏻#PR #トナーパッド #SKIN1004japan #メガ割 #準備動画  #モーニングルーティン,,22,,vlog
hf4aXQjK4Kc,"VLOG: НАКРЫВАЮ СТРАШНЫЙ СТОЛ! БОРЩ, ПАМПУШКИ! 🤤 01.11.25",Наш телеграм: https://t.me/katylifevlogs НАШ КАНАЛ SWEET HOME https://www.youtube.com/c/SweetHomeKB МОЙ КАНАЛ О ...,22,влог из испании катя и ваня из испании Катя и Ваня katylifevlog видео каждый день ежедневные влоги MakeUpKaty VLOG влог,vlog
04VyhdsUj7M,3I/ATLAS: El día ha llegado,"Hoy nos la jugamos: ¿qué es realmente 3I/ATLAS (C/2025 N1), el tercer objeto interestelar que visita el Sistema Solar? Te cuento ...",28,santolalla date un blog date un vlog javier santolalla javier santaolalla santaolalla Santolalla Santaolalla Javier Santaolalla avi loeb 3i atlas 3i/atlas 3I/Atlas 3I Atlas 3i atlas abraham loeb nave alienígena asteoride 3i atlas cometa cometa 3i/atlas cometa 3i atlas extraterrestres avi loeb alien extraterrestre 3IATLAS 3I atlas Atlas 3I/ATLAS cometa asteroide el asteroide que viene a la tierra cientifico harvard atlas 3i 3 i atlas atlas 3 i cometas 3 i,vlog
Dxtx0moWP64,HOUSE TOUR VERSION 2.0 (Galing sa pagod at hirap!!!),"Sa mga nakakakilala sakin, alam nila na hindi ako nag ha-house tour ng hindi sakin talaga na bahay. This time version 2.0 na ...",24,HOUSE TOUR SACHZNA LAPARAN SACHZNA VLOG 2025 SACHZNA ISSUE JAPANESE STYLE MODERN HOUSE INDUSTRIAL HOUSE,vlog
GFz6Hkrm2sA,"PRODUCTIVE day in my life🖇️: Life updates, New vlogging camera, Classes, Planning a trip etc",Thanks for watching!! Don't forget to use code 'DAIZ' for your new @Insta360 GO Ultra vlogging cam & get 10% off GO 3S (limited ...,24,,vlog
hrYdalQUXVI,BMIC VLOG DAY-2 || COMEBACK????,"Welcome to the real side of Soul Aman – unfiltered vlogs, raw moments, and stories straight from my life. Let's live it together!",22,,vlog
klHpUmhaCoU,"FALL SHOPPING VLOG 🍁 | huge fall clothing haul, new wardrobe + outfit inspo",Try RYZE Mushroom Coffee for yourself! Head to https://ryze.yt.link/hm3ZDHj and use my code LEXIVEE15 to receive 15% off ...,26,fall shopping vlog fall clothing haul fall wardrobe refresh fall outfit ideas cozy fall outfits fall fashion haul fall haul 2025 fall wardrobe essentials fall aesthetic vlog fall fashion 2025 new fall wardrobe outfit inspo fall cozy fall shopping vlog fall dressing haul shopping vlog fall fall fashion inspo lifestyle vlog fall wardrobe refresh 2025 fall style ideas fall closet essentials fall outfits 2025 fall shopping day fall haul vlog,vlog
8l-eAUDkYAk,H&amp;M İLE POLONYA&#39;YI GEZDİM | SİZDEN GELEN SORULARI CEVAPLADIM #vlog,"Herkese Merhabalar, ben Cemre Solmaz. Varşova'da H&M x Glenn Martens davetinde neler yaşadım? Takipçilerimin sorularını ...",22,trend eğlenceli eğlence cemre solmaz cemre solmaz tik tok cemre solmaz kimdir cemre solmaz şarkı enes batur cemre solmaz csfc cemre solmaz reklam cemre solmaz video challenge gün geçirmek polonya varşova tur gezi davet işbirliği sizden gelenler,vlog
DpPAQkGzxAs,この曲本当に大好き#vlog #放課後 #オタクvlog #おすすめ #fypシ,,22,,vlog
jfzAauzz1Sw,女の子の日に爆食しちゃう人です😾❕💧 #vlog #ブイログ #生活音asmr #日常 #おうち時間 #個人事業主 #フリーランス #ルーティン #ナイトルーティン,,22,,vlog
SVFWoY6Fx-Y,મજબૂરી માં કરાવો પડ્યો ટકો 🥺 #gujrati #minivlog #travel #vlog #dehradunvlogger #ytshorts #youtube,,22,મજબૂરી માં કરાવો પડ્યો ટકો Gujarati Taklu Vlog Mini Vlog Gujarati Short,vlog
3QZrrFtl_ds,dental student study vlog,Use code KAYCHUNGFB50 to get 50% OFF your first Factor box plus free breakfast for 1 year at https://bit.ly/46kAjBp! instagram: ...,22,,vlog
zII4pvAL1U8,"Fall Maintenance Vlog *At Home* 𓆸Lashes, Nails, Hair, Toes, Eyebrows, Everything Shower, Ft Hairvivi",WIG INFO $40 OFF COUPON CODE: YTMaya 30-Day Free Return & Exchange ▷Elena Brown Highlights ...,22,,vlog
SNcp0eG08W8,いっぱい買ってくれてありがとう🥹💕🫶🏻#vlog #爆買い #感謝 #没動画 #fjc #jc,,22,,vlog
8NLU8sOeKQc,Sold My Parents&#39; Car Prank by Alex Gonzaga,"Download TAPTAP SEND and use my code ""ALEXG"" to get additional $20 on your first send to the PHILIPPINES!!! click the link ...",22,,vlog
XxxWc6_HZls,Kanchi Exposed Mini Vlog 😍 - #minivlog #MiniVlogs #sonuvlogs #shorts #ytshorts #entertainment,Kanchi Exposed Mini Vlog - #minivlog #MiniVlogs #sonuvlogs #shorts #ytshorts #entertainment vlog vlogs mini vlog mini vlogs ...,24,Vlog Vlogs Mini vlog Mini vlogs Sonu vlog Sonu vlogs funny shorts very funny shorts funny comedy shorts funnyshorts very funny video 😂shorts funny comedy shortsfunny shorts shortvideo funny yt shorts funny comedy shorts funny pets ytshorts shorts feed sora 2 funny funny tv viral baby shorts sora ai funny shorts break viral shorts cutest baby shorts funny moments sora ai shorts shorts videos funny cat viral comedy shorts,vlog
VnRA2XFhKoo,Daily Vlog නුවර ගෙවෙන ලස්සන දවස් 🌷💗✨ Living Alone | Cooking |Cleaing #aestheic #vlog ,"I'm Minoli Disanayaka! Welcome to my channel, If you're looking for honest, relatable vlogs filled with laughter, life lessons, ...",22,,vlog
-Fx_DjWOXtQ,Vlogはもはやこの音源しか使ってない!!笑#vlog #jc #生活音 #購入品紹介 #コスメ,,22,,vlog
ogVaV7lCg5g,दिवाली full vlog देखा?😍🎇🪔 | Aarti Sahu | #youtubeshorts #diwali #trending #ytshorts #happydiwali,,24,,vlog
I7VYiUMttjg,Woke up at 2am for work #minivlog #vlog #shortvideo #youtubeshorts #short #shorts #shortsviral,,22,,vlog
5HKUXKi0PPc,友達と映画見に行く日のVlog‼️💗✨️#さくうさ #生活音 #コスメ #かちゃかちゃ音 #雰囲気 #映画 #鬼滅の刃 #vlog #shorts,,22,,vlog
evIaoke94Jk,yeh hai mera dhan♥️✨ #shorts #vlog #theroameramit,,22,,vlog
OyV2fDFHj_8,Choti Diwali mini vlog🪔😍❤️✨||Yashasvi Rajpoot||,,24,,vlog
KZQ1X402Iqc,Yeni Evimi Yerleştiriyorum- koridor / BÖLÜM11 #reklam #vlogs #vlog #vlogger #home #homedecor,,22,,vlog
zjSjew6Q6_s,keechu khbi nahi sudhrega😂😞 #anjalibisht #cousinsdayout #minivlog #vlog #shortvideo #viralreels,,22,trending famous happy,vlog
iB6UqtflB0Y,5 Foods That Clean Your Arteries Fast! #health #wellness #healthtips,Discover how incorporating more healthy food into your diet can help maintain optimal heart health and prevent blocked arteries.,22,unclog arteries fast how to unclog arteries foods that unclog arteries atherosclerosis how to clean arteries naturally blocked arteries heart disease prevention berg foods to unclog arteries prevent heart attack cholesterol clogged arteries unclog arteries without medication how to clean arteries high blood pressure cardiovascular disease total cholesterol clean your arteries heart health stop heart attack health best foods to unclog arteries stroke,health
F6D6rOYn-2M,FEEL NOTHING,Provided to YouTube by Universal Music Group FEEL NOTHING · HEALTH VOL. 4 :: SLAVES OF FEAR ℗ 2019 Loma Vista ...,10,HEALTH ヘルス VOL. 4 :: SLAVES OF FEAR FEEL NOTHING,health
d8_YZ7QVQlQ,TEARS,"Provided to YouTube by IIP-DDS TEARS · HEALTH TEARS ℗ Rockstar Games Released on: 2012-01-01 Composer, Lyricist: ...",10,HEALTH TEARS,health
-tvl8sDu9vo,HEALTH :: ORDINARY LOSS,"ORDINARY LOSS FROM ""CONFLICT DLC"" :: OUT DECEMBER 11 2025 https://i.hlth.band/conflictdlc DIRECTED BY ...",10,,health
U6PSsSM1swQ,Major Crimes,Provided to YouTube by The Orchard Enterprises Major Crimes · Health · Window Weather · Jake Duzsik · John Famiglietti · Lars ...,10,"Health Window Weather Jake Duzsik John Famiglietti Lars Stalforsv Lars Stalfors Cyberpunk 2077: Radio, Vol. 2 (Original Soundtrack) Major Crimes",health
_cMGLMQ1Fko,The REAL REASON they won&#39;t cover Trump&#39;s health?,"Jonathan Karl, Chief Washington Correspondent for ABC News, joins us to discuss his new book “Retribution: Donald Trump and ...",25,david pakman show david pakman politics news breaking news donald trump trump trump news president elections republicans democrats progressive us news,health
28-iT9YHjg8,The Internet ERUPTS As Trump&#39;s Suspicious Health Move Just LEAKED🚨,"Trump's suspicious new health move has set off fresh concerns about his health, and what he may be hiding...",24,,health
luWCuqid4l8,The #1 WORST Drink For Your Liver,"You've heard that soda, beer, and wine are bad for your liver. But what if I told you there's a drink even MORE dangerous… and ...",27,liver health fatty liver worst drink for your liver liver liver disease liver cleanse fatty liver disease liver damage foods to avoid for liver liver function liver problems dr berg liver damage foods to avoid alcohol hard liquor dr eric berg eric berg dr berg health tips dr berg liver health dr berg fatty liver disease worst liver foods what to avoid fatty liver prevention dangerous food for your liver worst foods for liver dr berg,health
202jhqHRMP0,HEALTH :: THOUGHT LEADER,PRE-ORDER CONFLICT DLC https://i.hlth.band/conflictdlc DIRECTED AND ANIMATED BY @shackleshotgun ...,10,,health
-weqbNoruG0,One Drink That Flushes Out Toxins Overnight! #health #wellness #healthtips,Start your day right with this simple morning routine that supports liver function! Drinking warm lemon water with turmeric helps ...,22,health and wellness weight loss drink detox healthy lifestyle turmeric tea for inflammation health matters how to detox your liver dr. janine how to detox foods that fight inflammation liver detox body detox detox naturally detox your body full body detox nutrition tips cleanse gut health full body detox dr. janine foods for liver health how to detox the body fatty liver HEALTH healthy life healthy eating superfoods body cleanse liver health,health
uluc9Njsrds,White House Con COLLAPSES As Trump Reveals Alarming Medical News,White House lies surge into the spotlight as Donald Trump accidentally slips up and reveals he had an MRI during his second ...,25,News Politics trump donald trump trump news breaking news trump iq iq trump press conference trump age trump test trump mad fails embarrassing iq test congress news senate news walter reed trump health trump medical trump medical records trump mri mri cognitive cognitive test The Damage Report TDR John Iadarola The Young Turks tyt progressive news progressives democrats doctors,health
_x1HZRWQrtk,Who wants some free blood? #medical #health,,27,,health
N55fqrpNG_I,Illustration of Stuck Constipation In 3D Animation | Gut Health | Anatomy  Arts USA,Speed through the human digestive tract with AI-powered visuals and smooth narration. Great for last-minute reviews and ...,27,"Constipation #ColonCleanse #HealthShorts
#StomachAIArt​​, #AIAnimations​​, #GutHealth​​, #MedicalAI​​ #AnatomyAIArts​ #mrbeast #trending
#USA #unitedkingdom #unitedstates",health
ArBkPRztJ88,The 9 Spices That Actually Heal Your Body  #health,Eat turmeric to fight inflammation and ease joint pain. Cinnamon helps reduce sugar cravings and control blood sugar. Ginger ...,27,healing spices best spices for health natural remedies turmeric benefits cinnamon for blood sugar ginger for digestion cumin for bloating black pepper absorption cardamom benefits fenugreek hormones nutmeg sleep aid foodfix natural healing real nutrition shorts what is turmeric herbal remedies,health
YhHHJ3MgtJU,WHAT I EAT IN A DAY #diet #nutrition #caloriedeficit #whatieatinaday #health #fitness #healthylife,,22,,health
LTtc7WMtcGs,Warning Signs in Your Feet!,Are your feet trying to tell you something? Most people overlook these common foot symptoms—but they could be early warning ...,27,foot changes health risk feet symptoms health foot pain health warning foot health warning signs cold feet health issue swelling of feet foot symptoms vitamin deficiency foot health foot signs diabetes warning signs in feet foot symptoms circulation nail color health indicator foot warning signs heart foot discoloration meaning leg swelling swollen feet foot problems health warning signs leg edema leg pain and swelling dr eric berg dr berg berg,health
JcYf_GNIX3Y,HEALTH :: CYBERPUNK 2.0.2.0.,HEALTH - CYBERPUNK 2.0.2.0. DISCO4 :: PART I OUT NOW: http://found.ee/HEALTH_DISCO4 CYBERPUNK 2.0.2.0.,10,HEALTH CYBERPUNK CYBERPUNK 2.0 HEALTH CYBERPUNK 2 HEALTH CYBERPUNK loma vista loma vista recordings Noise rock Rock Experimental rock Industrial rock Electronic rock Post rock EBM Synthpunk Synthpop Synth Electronic The dark side of indie Indie Epic indie motivation Nu goth Heavy industry,health
kRCjZ5q8a58,The shocking truth about stomach explosions#animation #funny #shorts #health #trending,,1,,health
LSDYoqXS_fA,Avoid This &quot;Healthy Food&quot; SCAM,NEW: Join us at http://www.icedcoffeehour.club for premium content - Enjoy! Add us on Instagram: ...,27,graham stephan graham stephan podcast iced coffee podcast iced coffee hour investing podcast investing for beginners how to invest how to invest in stocks how to invest in real estate personal finance business podcast investing in your 20s how to be a millionaire millionaire investing best credit cards credit score credit score explained how to build wealth real estate investing stock market investing passive income robinhood app millionaire mindset,health
JA9VPBEMx5E,HEALTH :: VIBE COP,CONFLICT DLC https://i.hlth.band/conflictdlc LASCO PROD DIRECTOR: JOHN FAMIGLIETTI PRODUCER: PAT LASCU DP: ...,10,,health
yMN7b0lEqXY,Healthy Food #foodismedicine #healthyfood #proteinfood #diet #bestfood #weightloss #shorts #health,,22,,health
Xs_7oSNTEXQ,What exactly is hydrocephalus?#animation #funny #shorts #health #trending,,1,,health
RC1919tTab0,The truth about men’s mental health…#shorts,,22,,health
40vsRU9V1h8,HEALTH x PERTURBATOR :: EXCESS,FROM DISCO4 :: PART II :: STREAM + PRE-ORDER HERE :: https://found.ee/HEALTH_DISCO4PTII YOU WILL LOVE EACH ...,10,,health
ic3VsVlNxDk,9 HEALTH WARNING SIGNS REVEALED BY LOOKING AT YOUR NAILS! #shorts,"In this video, I share everything you need to know about warning signs revealed by looking at your nails! I trust these information ...",27,Mark Leong Mark Leong Club Farmz Asia Asia Juice Guru Health Health Hacks Health Tips Nutritional Tips Nutrition Hacks,health
NhxiNNi_p2k,These hospital prices in Türkiye broke my American brain #health #wellness #healthtourism #turkey,"We wrote an entire article about what's included in the checkup packages, and how we booked that's linked on my profile ...",19,,health
TjydkJR_WQ4,DEAD FLOWERS,Provided to YouTube by Universal Music Group DEAD FLOWERS · HEALTH · Poppy DISCO4 :: PART II ℗ 2021 Loma Vista ...,10,HEALTH ヘルス Poppy ポッピー DISCO4 :: PART II DEAD FLOWERS,health
y3WeAZqKojg,The SHOCKING Benefits of Adding THIS Powder to Your Coffee | Senior Health,"The SHOCKING Benefits of Adding THIS Powder to Your Coffee | Senior Health For seniors over 60, coffee isn't just a morning ...",27,muscle loss after 60 reverse muscle loss stop muscle loss naturally coffee benefits coffee health benefits coffee for seniors best coffee ingredients healthy coffee additions coffee with collagen benefits coffee with whey protein benefits natural ways to build muscle after 60 prevent muscle loss coffee for joint pain relief sarcopenia coffee tips senior health senior wellness nutrition over 60,health
DkS1pkKpILY,"What Alcohol Does to Your Body, Brain &amp; Health","In this episode, I discuss the physiological effects that drinking alcohol has on the brain and body at different levels of ...",28,andrew huberman huberman lab podcast huberman podcast dr. andrew huberman neuroscience huberman lab andrew huberman podcast the huberman lab podcast science podcast alcohol effects of alcohol alcoholism,health
s5Nx2zUuGiU,HEALTH :: CHILDREN OF SORROW :: MUSIC VIDEO,FROM THE ALBUM RAT WARS. PRE ORDER LTD EDITION VINYL + MERCH https://i.hlth.band/ratwars EXPERIENCE HEALTH ...,10,,health
R-LvrytY6aA,Do This in the Morning to Improve Gut Health...┃Andrew Huberman,Video idea goes to @wisemind101 Health Lab : #shorts #hubermanlab #shortsfeed #neuroscience #lifestyle #science #brain ...,22,,health
bkintfXvEAY,HEALTH :: UNLOVED :: MUSIC VIDEO,FROM HEALTH :: RAT WARS PRE-ORDER THE ALBUM: https://i.hlth.band/ratwars DIRECTED BY MYNXII WHITE Archival ...,10,,health
t9lNonmqmOY,Smoking kills #doctor #drrazahealth360 #medical #health #healthtips #smoke #lungs,"Smoking kills Human Anatomy!"" Ever Wondered What's Inside Your Body? In this video, Dr. Raza takes you inside the human ...",27,good doctor doctor watches the good doctor the good doctor reaction the good doctor good doctor accurate doctor mike reacts to doctor reviews medical tv show medical drama review medical drama doctor mike dr mike the good doctor 1x01 the good doctor (tv program) resident medical drama tv TV doctors doctor tv shows autism tv tv medical drama the good doctor season 1 medical tv show shaun murphy best doctor tv shows diabetes drafanqasir draffanqaiser,health
UHzsRtsBEOs,Avoid Junk Food Temptation #short #shorts #youtuber #fitness,,22,,health
95ovIJ3dsNk,How childhood trauma affects health across a lifetime | Nadine Burke Harris | TED,Childhood trauma isn't something you just get over as you grow up. Pediatrician Nadine Burke Harris explains that the repeated ...,28,TEDTalk TEDTalks TED Talk TED Talks TED TEDMED Nadine Burke Harris brain children health health care,health
dIzz0iEHPns,#shorts 5 Best Cooking Oil #health #healthylifestyle #nutrition #oil #doctor #cooking #food,,27,,health
9IUFIDXp5w4,🚨Trump&#39;s New Health Reveal Just STUNNED White House Insiders,A key White House staffer just MOCKED Trump for the WORST reason! David Reddish ▻ INSTAGRAM: ...,24,,health
BPI-FJj8f5o,The 5 things you NEED to know for better GUT HEALTH with Professor Tim Spector,"If you do one thing for your health this January, make it focussing on your gut health. ZOE co-founder and microbiome expert ...",28,,health
obx7cJtk3fE,What The Health - Full Documentary,What The Health - Full Documentary Movie Film What The Health exposes the collusion and corruption in government and big ...,24,What The Health full movie cowspiracy new film documentary corruption secrets obesity arthritis help support dementia parkinson’s disease kidney liver skin lung vegan healthiest pregnant worry healthy diet vegetarian free treatment healthcare sick ill government drugs medicine cure cancer diabetes heart disease,health
CzId0K4iv8E,🚨Trump’s Health DETERIORATES FAST as he VISITS HOSPITAL,MeidasTouch host Ben Meiselas reports on Donald Trump's suspicious visit to Walter Reed Hospital as the White House claims ...,25,meidastouch meidas touch politics political videos political advertising breaking news ben meiselas midas touch midastouch donald trump trump joe biden biden president elections republicans democrats democratic party republican party trump indictments legal news michael popok gop current events department of justice justice department political news msnbc cnn cable news independent media united states us news,health
wp_k5wVn1Gs,My 5 Unconventional Healthy Habits,,26,,health
oRZgtMPUcyo,What Happens If You Drink Cucumber Lemon Water Daily?,"Have you ever wondered what would happen to your body if you drank cucumber lemon water every single day? In this video, we ...",27,cucumber lemon water cucumber water lemon water lemon benefits of cucumber lemon water benefits of lemon water cucumber lemon water benefits cucumber lemon detox water cucumber lemon water hydration benefits of drinking cucumber lemon water daily cucumber lemon water skin benefits cucumber lemon water recipe lemon cucumber water for digestion cucumber lemon water for bloating cucumber lemon water immune boost dr eric berg eric berg dr berg berg,health
RjByQoG1v_E,"daily habits for physical AND mental health, you all should try them!",,17,,health
fSXqNiuWHZ4,"MIRACLE! 1 Leaf DESTROYS DIABETES, Bad Cholesterol and FAT BELLY! | Senior Health","Could one simple leaf really fight diabetes, lower bad cholesterol, and melt stubborn belly fat? In this powerful senior health video, ...",27,senior health nutrition for seniors seniors nutrition senior health tips #seniorhealth #seniorhealthtips healthy aging senior wellness senior health care elderly elderly health seniors health 365,health
Dx1v09MO9SA,3 realistic healthy habits that will make a HUGE DIFFERENCE,,17,,health
7lIwM43meNE,When Asian Parents Finally Care About Mental Health,,24,,health
8pel6PAEukM,How are chocolate cysts formed? #health#didyouknow#shorts#funny#trending,,1,,health
3lzfH86avIc,Make America Healthy Again: Last Week Tonight with John Oliver (HBO),"John Oliver discusses the “Make America Healthy Again” movement, what they have and haven't accomplished so far, and ...",24,,health
M-yU4AldxV0,Do This Daily…Your Brain Will Thank You!  #drmandell #health #brain #exercise,,22,,health
X5m_U8X0SdE,Healthy Nuskhey 🙏 #chakras #meditationmusic#432hz #health #healthtips #omletarcade#quotes #gyan #new,,27,,health
jac53THxO0I,I Tested Restaurants with No Reviews,this is a big deal.,24,Ryan Trahan,reviews
7Nj1r5I9lPE,The Witcher Critic Reviews NUKE Netflix Great Mistake,"The Witcher critic reviews are out for the Netflix flagship series featuring Henry Cavill, but after he left the series to be replaced by ...",24,the witcher netflix disparu Lauren Schmidt Hissrich season 3 season 4 liam hemsworth review first impressions react breakdown series streaming tv show videogame book adaptation geralt yennifer streaming series resigned fired actor geralt of riva yennefer ciri jaskier triss vesemir anya chalotra feya allan joey batey anna shaffer finale final,reviews
UGGvsbAITsQ,Adi Reddy Exposed Thanuja With Proofs | Bigg Boss Telugu 9 | Entertaining Review ,Adi Reddy Exposed Thanuja With Proofs | Bigg Boss Telugu 9 | Entertaining Review #adireddy #biggboss Disclaimer: The ...,24,bigg boss telugu 9 adi reddy bigg boss telugu adi reddy review adireddy youtube channel bigg boss bigg boss telugu 9 promo today bigg boss telugu review adi reddy youtube channel Madhuri Duvvada Elimination duvvada madhuri interview,reviews
ZFhA26rPNy4,I Rated Places With 0 Reviews,nothing could have prepared me for this. subscribe so you don't miss the next one!!! keep up with me on my other socials-- ...,22,vlog lifestyle coy piso coypiso piso4 coy vlog coy vlogs 1 star reviews rating places no reviews yelp reviews google reviews worst restaurant,reviews
LC_tyNeU4lE,King Title Reveal REVIEW | Shah Rukh Khan | ,KING Title Reveal Review By Suraj Kumar KING KING Title Reveal KING Title Reveal Reaction KING Title Reveal Review KING ...,24,king king title reveal red chillies entertainment king movie king teaser shah rukh khan king teaser review king title reveal review king title reveal reaction king trailer,reviews
t207EYIshZs,KING Title Reveal Review | Yogi Bolta Hai,KING Title Reveal Review by Yogi Bolta Hai King Title Reveal Video Review King Title Reveal King Announcement Video Review ...,24,KING King Title Reveal King Title Reveal Review King Title Reveal Video King Teaser Review King Promo King Teaser Shah Rukh Khan Shahrukh Khan Suhana Khan Abhishek Bachchan Siddharth Anand Deepika Padukone Anil Kapoor Red Chillies Entertainment Happy Birthday SRK Hindi Movie Shah Rukh Khan News Movie Shahrukh Khan Upcoming Movie Bollywood Movie Upcoming Movie New Trailer New Promo Action Movie Action Thriller Film Review Yogi Bolta Hai,reviews
7JwOnmWLlYM,Mass Jathara Movie Review | Ravi Teja | Ragadi Reviews,Join this channel to get access to perks: https://www.youtube.com/channel/UCo1oi6iPsxjo84aVkq7XjhA/join @ragadiproductions ...,1,mass jathara movie review mass jathara review mass jathara ravi teja sreeleela ragadi telugu reviews,reviews
lhN0zBDb70Y,Baahubali The Epic Movie Review | Yogi Bolta Hai,Baahubali The Epic Movie Review by Yogi Bolta Hai Baahubali The Epic Movie Review Baahubali The Epic Movie Trailer ...,24,Baahubali The Epic Baahubali The Epic Movie Baahubali The Epic Movie Review Baahubali Movie Baahubali Baahubali Movie Review Prabhas Rana Daggubati Anushka Shetty Tamannaah Ramya Krishna Nasser Sathyaraj Rajamouli Telugu Movie Prabhas News Movie South Movie New movie Tollywood Upcoming Movie Pan Indian Movie Rebel Star Darling Prabhas Prabhas Movie Review Baahubali The Beginning Baahubali 2 The Conclusion Review Movie Review Yogi Bolta Hai,reviews
A3PWO8dQTec,Shelby Oaks - Movie Review,Shop SKIMS Men's at https://www.skims.com/jeremy #skimspartner Thanks to Skims for sponsoring this video. Chris Stuckmann's ...,24,shelby oaks chris stuckmann debut neon horror paranormal paranoids movie review movie review,reviews
KpCViVwllGU,KING announcement teaser Review,suskribidu Instagram https://www.instagram.com/badal_bnftv Join Bnftv Whatsapp channel ...,24,,reviews
tsK1QTqO7GM,Shahrukh Khan&#39;s King Title Reveal ⋮ Review,"Shah Rukh Khan's King Title Reveal is finally here — packed with style, action, and that signature SRK swag! Here's a full ...",1,King Shahrukh Khan King King Movie SRK King SRK King Movie Shahrukh Khan King Movie King Teaser King Trailer King Title Reveal SRK New Movie King Movie Teaser King Movie Trailer Siddharth anand King SRK Suhana Khan Movie Suhana Khan King Title SRK Action Movie 2026 SRK New Look King Movie Breakdown SRK King Teaser Shahrukh Khan SRK King Movie Details PJ Explained thePJ Reporter Roommate,reviews
rSmmasLDtRk,Weapons - Movie Review,Thank you to Holzkern for sponsoring this video! Click on my link http://www.holzkern.com/jahns and use my code JAHNS to get ...,24,weapons zack zach creggor horror thriller movie review movie review barbarian,reviews
QeeRo4Lat2U,King Title Reveal Review | Shahrukh Khan | Siddharth Anand,"There was a void in 2025 as there was no #srk movie in the calendar year but here comes the first look of #king , SRK's next ...",24,king title reveal teaser trailer announcement review analysis shahrukh khan srk siddharth anand birthday look movie film actor actress india asia hindi cinema drama romance suspense action thriller comedy funny humor entertainment society lifestyle celebrities famous performance box office dialogue music song bgm theatre response reaction audience best worst cringe stunt body double age remake copy sujoy ghosh red chillies entertainment cgi vfx special effects comeback hair,reviews
U-Gyx3HSFiE,Fellow me for more real honest reviews on viral products ❤️🫶,Fellow me for more real honest reviews on viral products.,22,amazon amazon finds amazon reviews product review product reveiws online shopping tiktok finds tiktok reviews temu temu finds temu review temu reviews tiktok review etsy wish etsy finds etsy reviews wish finds wish reviews shein shein finds shein reviews,reviews
5j7LolAbR9U,Painkiller Review,"Painkiller reviewed by Will Borger on PC, also available on PlayStation 5 and Xbox Series X|S. Painkiller is a frustrating game.",20,reboot remake co-op fps classic return sequel gameplay impressions Painkiller painkiller review painkiller review ign painkiller reaction painkiller impressions painkiller reacts painkiller painkiller game,reviews
Ydy33S80C88,King Title Announcement Review | Shah Rukh Khan | Happy Birthday SRK | @RJRaunac,Watch The Raunac Podcast with Dr. Anand Ranganathan : https://youtu.be/dAzzIXC6O_U?si=8pATTpv9VaVNFiyT ...,24,Screenwala Bollywood Lover Bollywood Fans Bollywood Magic Movie Buff Filmy Masti Trending Now Viral Bollywood King Title Announcement Shah Rukh Khan SRK Happy Birthday SRK King Movie SRK SRK New Movie King Teaser Review Bollywood News Shah Rukh Khan Fans SRK Universe Bollywood Trailer Review Trending Bollywood SRK Birthday Celebration King Title Reveal SRK Comeback,reviews
tB4ZOIMfBvA,The TAJ Story Movie Review | Yogi Bolta Hai,The Taj Story Movie Review by Yogi Bolta Hai The Taj Story Movie Review The Taj Story Movie The Taj Story Taj Story Movie Taj ...,24,The Taj Story The Taj Story Movie The Taj Story Movie Review Taj Mahal Taj Story Taj Story Movie Paresh Rawal Zakir Hussain Amruta Khanvilkar Courtroom Drama Film Tushar Amrish Goel New Movie New Release Latest Movie Hindi Language Movie Latest Hindi Movie Upcoming Movie Movie Indian Films Indian Cinema Movie Review Review Rating Yogi Bolta Hai,reviews
q1SjTTBbIWQ,10 Past Product Reviews: Where Are They Now? | Update 59,Today I'm revisiting 10 past product reviews from May-June 2024 to see what happened to them after my review was over.,26,as seen on tv review as seen on tv product testing,reviews
6vCjt35DkMc,CHEFFOTTO REVIEW (Ep.24 - Shorty&#39;s Miami),"CHEFFOTTO REVIEW (Ep 24 Shorty's) E aí, galera! Tive que vir aqui contar sobre a minha experiência irada com meu pai ...",24,cheff otto comida cheffotto review shorts comida americana comida dos eua prato do eua viagem viagem aos eua reustaurante americano chefe otto chef otto provando comidas experimentando comidas comidas dos eua comidas americanas culinária cheff otto review,reviews
OJ_4E0cMRzo,The Outer Worlds 2 Review,"The Outer Worlds 2 reviewed by Travis Northup on PC and Xbox Series X|S, also available on PlayStation 5. The Outer Worlds 2 ...",20,The Outer Worlds 2 Outer Worlds 2 The Outer Worlds 2 gameplay The Outer Worlds 2 walkthrough The Outer Worlds 2 first 30 minutes The Outer Worlds 2 opening The Outer Worlds 2 full game Outer Worlds 2 Obsidian Obsidian Entertainment sci fi RPG space RPG Xbox RPG The Outer Worlds sequel The Outer Worlds 2 Xbox Series X The Outer Worlds 2 PC Obsidian RPG 2025 RPG gameplay The Outer Worlds 2 trailer The Outer Worlds 2 story The Outer Worlds 2 graphics,reviews
1OWCfsEwopM,KING Title Reveal Review | King Title Teaser Review | SRK King Title Teaser Reaction Review #srkking,Kingtitlereveal #king #kingmovie #srk #shahrukhkhan #bollywood KING Title Reveal Review | King Title Teaser Review | SRK ...,24,Happy Birthday King OF Bollywood Shahrukh Khan King Movie Glimpse Release Time King Movie Update #KingUpdate Bollywood News Shahrukh Khan Birthday King Movie Teaser Release Update King Announcement Bollywood King SRK KING Title Reveal Review King SRK Teaser Review SRK King Title Announcement Review KING Title Reveal Reviews SRK King Title Teaser Reaction Review,reviews
7c7v9wXWyWg,Nagarjuna leftover questions | Bigg Boss Telugu 9 Special Analysis | My Reviews Pavan ,Nagarjuna leftover questions | Bigg Boss Telugu 9 Special Analysis | My Reviews Pavan Follow me on Instagram: ...,24,,reviews
Bb4lj6K7HkY,"Spigen Ultra Hybrid MagFit iPhone 17 Review – Better Than ESR, But With One Big Flaw","When it comes to budget iPhone 17 cases, I've said it before — don't get an ESR. Get a Spigen. The Ultra Hybrid MagFit surprised ...",28,30-drop test MagSafe protection Spigen MagFit Spigen Ultra Hybrid Spigen vs ESR TPU edge case anti-yellowing case camera lump protection iPhone 17 Pro Max iPhone 17 cases,reviews
GctkkgDip4g,Dies Irae Review - Pranav Mohanlal - Tamil Talkies,,24,Tamil Cinema (Film Genre) Review Tamil movies review tamil new movies online tamil movies rating and review review and rating tamil new movies review tamil new movies honest review tamil talkies tamil talkies.net,reviews
arak-4KS_jM,Mass Jathara Review || Ravi Teja || Poolachokka Reviews ,,1,,reviews
IavSTVnMv_c,Google Review Hack,Want to get more Google Reviews for your business? Here's a smart hack a café used They gave customers 10–100% discount ...,28,google reviews hack google review trick how to get google reviews google reviews for business google reviews marketing google review strategy google review discount google review growth hack cafe marketing strategy small business marketing hack customer review hack local business google reviews google review ideas google review coupon trick grow business with google reviews marketing hacks for cafes how to increase google reviews for local business,reviews
DO-toAFTx5c,Best Saturday Episode | Adi Reddy | Bigg Boss Telugu 9 Entertaining Review | Madhuri Duvvada | Pavan,Demon Pavan Kneeling Episode | Adi Reddy | Bigg Boss Telugu 9 Entertaining Review | Madhuri Duvvada #adireddy #biggboss ...,24,bigg boss telugu 9 episode 56 bigg boss telugu Saturday Episode adi reddy adireddy youtube channel adireddy bigg boss bigg boss 9 adireddy bigg boss 9 telugu promo today bigg boss telugu Elimination Madhuri duvvada duvvada madhuri bigg boss duvvada madhuri Elimination bigg boss review today bigg boss thanuja bigg boss 9 Bharani bigg boss 9 Emmanuel bigg boss 9,reviews
7-41Cp-7siY,AARYAN review by prashanth,"review about recently released tamil movie aaryan, which has vishnu vishal playing the lead role! the movie is directed by ...",1,Tamil Cinema Review Tamil Cinema Review prashanth tamil cinema review latest itisprashanth review itisprashanth interview,reviews
FnXGde5IJns,The $60K Lexus IS500 is a performance car BARGAIN! 🙌🏽,,2,Lexus IS500 performance car forrestsautoreviews,reviews
q2Ntdd8kK-A,CHEFFOTTO REVIEW (Ep.22-We Coffee),"A CAFETERIA MAIS FAMOSA DE SP! Hoje eu fui na @wecoffee.br a cafeteira mais famosa de sp, dessa vez fomos na nova ...",24,,reviews
wBYVi9r8dYE,UMA SEMANA COMENDO SÓ DELIVERY EM CASA,,19,,reviews
d066pBiPFGY,KING Review | KING Title Teaser Video Review Reaction | Shahrukh Khan,BHTReview #king #kingshahrukhkhan #srk HOT TOPICS: 1: KING Official Update By SHAHRUKH KHAN 2: KING Title Teaser ...,22,king movie shahrukh khan shahrukh khan king movie the king movie shahrukh khan shahrukh khan ki king movie king shahrukh khan movie king shahrukh khan movies king shahrukh khan movie song the king shahrukh khan movie shahrukh khan king movie update shahrukh khan upcoming movie king the king shahrukh khan movie trailer king movie shah rukh khan shah rukh khan king movie king shah rukh khan movie shahrukh khan movies shahrukh khan movie shahrukh khan ki new movie,reviews
b_OPU4JtmEk,Baahubali The Epic Movie REVIEW | Deeksha Sharma,Baahubali The Epic Movie Review By Deeksha Sharma. Prabhas in Baahubali Directed by SS Rajamouli is set for Mega ...,24,baahubali the epic baahubali the epic review ss rajamouli prabhas baahubali 3 filmi indian deeksha sharma bahubali,reviews
j-Wc4_eT4_I,They call him OG Movie review,"OGReview #OGMovie #OGReleaseDate #OGReview #OGMovie, #OGReleaseDate, #OGMovie, #OGMovieReaction, ...",22,,reviews
Zt9o8p0ISBE,CHEFFOTTO REVIEW - Ep.10.                   .(Esteira de sushi na Alemanha),ESTEIRA DE SUSHI! Pensa numa experiência diferente! Pra quem tá acostumado à ir naquele rodízios que o prato demora 15 ...,24,Restaurante Rodizio Review Dicas de viagem review de restaurante cheffotto cheffotto review,reviews
yQNbwpHhuOY,Food review goes HORRIBLY wrong 😭,,23,,reviews
sDQxkki6xpI,O MELHOR HAMBURGUER de São Paulo - Reviews do Mustache no Holy Burger,"Reviews do Mustache 87 - Holy Burger, em São Paulo Fomos conhecer o Holy Burger e encontramos o melhor hamburguer de ...",19,melhor hamburger de sp melhor hamburguer de são paulo holy burger hamburguer perfeito holy burger gaba o melhor hamburguer de sao paulo reviews do mustache reviews do mustache tiktok dicas de restaurantes em sp dicas de restaurante onde comer em sp shorts youtube shorts #shorts hamburgueria em sao paulo,reviews
ID10ZTXhFU4,Amazon Reviews 😜,,24,,reviews
q_uiluNBFms,Dkriuk vs d’Besto #chicken #local #food #star #review #fyp #shorts,,22,,reviews
BNoebGtEvMs,Mass Jathara Movie Review | Ravi Teja | Sreeleela | Naga Vamsi || NTVENT,massjathara #raviteja #sreeleela #nagavamsi #NTVEntertainment #NTVENT For more latest updates on news : ▻ Subscribe to ...,24,NTV NTV Telugu Entertainment NTV ET NTV Entertainment Telugu NTV Channel Entertainment Videos Telugu Entertainment Channel ntv et ntv entertainment telugu film updates filmy updates film news telugu movie updates NTV Entertainment NTV ENT Mass Jathara Mass Jathara Movie Mass Jathara Movie Review Ravi Teja Mass Jathara Movie Review Mass Jathara Sreeleela Naga Vamsi Bhanu Bhogavarapu,reviews
hPG8IQTc_I4,Mortal Kombat: Legacy Kollection Review,"Mortal Kombat: Legacy Kollection reviewed by Alessandro Fillari on PC, also available on PS5, Xbox Series X|S, and Nintendo ...",20,gameplay impressions collection retro remaster Mortal Kombat: Legacy Kollection mortal kombat: legacy kollection review mortal kombat: legacy kollection reaction mortal kombat: legacy kollection react mortal kombat: legacy kollection impressions mortal kombat: legacy kollection review ign mortal kombat legacy kollection mortal kombat mk legacy kollection,reviews
9yMZ9UE2lDo,The 2026 Dodge Charger Daytona Scat Pack Is A 4-Door Muscle Car For New Age Enthusiasts,The #DodgeCharger has long been the vehicle of choice for purists looking for the ultimate expression of American Muscle.,2,redline reviews redline review redline review car review car reviews cars 2026 dodge charger 2026 dodge charger sixpack 2026 dodge charger 4 door 2026 dodge charger v8 2026 dodge charger daytona dodge charger dodge charger daytona dodge charger six pack dodge charger 2025 dodge charger 2026 dodge charger daytona sound dodge charger daytona review dodge charger daytona 2025 2026 charger 2026 charger six pack dodge dodge challenger dodge charger sixpack,reviews
SFzyhaFaU28,Mortal Kombat: Legacy Kollection Review – Flawless Victory? Not Even Close ... (Honest Thoughts),Mortal Kombat: Legacy Kollection Review – Flawless Victory? Not Even Close ... (Honest Thoughts) The Mortal Kombat: Legacy ...,20,mortal kombat legacy kollection review review legacy kollection review mklk review mortal kombat legacy kollection reaction mortal kombat legacy kollection gameplay mortal kombat legacy kollection release date mortal kombat legacy kollection news mortal kombat mortal kombat legacy kollection mk1 mk4 mortal kombat 1 news release date gameplay mortal kombat legacy kollection mortal kombat trilogy umk3 netherrealm studios mortal kombat deception borders mortal kombat 4,reviews
PviW_pkoqMU,Stainless Steel Ice Cubes Review #youtubeshorts #shortsfeed #product #review #viralvideo #shorts,,22,,reviews
PAE791VIpVc,Ridge iPhone 17 Case Review – 30 Drop Tests Expose a Premium Red Flag (10 of 50),I didn't have high hopes for the Ridge case when I first got it — another “premium” aramid-fiber cover hyped up by big creators.,28,Accessory Compatibility Aramid Fiber Cover Drop Test Analysis MagSafe Compatible Phone Case Durability Ridge Case Review TPU Bumper Protection Wireless Charging Case iPhone 17 Cases iPhone Screen Protection,reviews
EYnSGuT-Dbs,You can get sued for bad food reviews in Japan??,,19,,reviews
4RpTFl3pMco,NEW VENUE FACELIFT N LINE 2025 MODEL REVIEW✅ HYUNDAI VENUE FACELIFT N LINE 2025 @NarrusAutovlogs ,NarrusAutovlogs #NewVenueFaceliftNline2025 #NewHyundaiVenueFaceliftNline2025 #VenueFaceliftNline2025 ...,2,,reviews
aodJJAZ5azs,"This car costs $4,000",,2,chinese cars forrestsautoreviews cheap cars,reviews
WNmBJHNZDSE,Packet sealer review 😂😂😂 | Cheap amazon proucts review,,26,,reviews
qIGAvjQNyRE,Reddog 1 Bintang vs 5 Bintang #topokki  #food #star #review #fyp #shorts,,22,,reviews
Xxn6i8Yc-BU,cardboard ragdoll tutorial 📦🩷 #diy #paperdoll #tutorial #ragdoll #craft #fy #trend,,22,,DIY
hB-AAGcMsO4,DIY Cardboard RAGDOLL So CUTE And EASY,,22,,DIY
qpPoDOp5MCg,Capybara bread🍞 Tissue DIY,tissuesquishy.,22,,DIY
O8FTAygp9f0,DIY Bakery for my Daughter 🤍 #DIY #Momlife #diytoys #crafts #viral #fyp #diycrafts,,26,,DIY
ICd30QRz0z0,【40代無職バツイチ家を買う#131】２年間DIYを続けてきた素人が小屋を作り直すとこうなる,ご近所の人達の反応「つ…作ったー！？」 #田舎暮らし#リフォーム#DIY#中古物件#リノベーション #ビフォーアフター 前回の ...,22,田舎暮らし 独身 バツイチ 中古物件 DIY リノベ リフォーム 不動産,DIY
iubolru_G3U,The genius way I used DOLLAR TREE peel &amp; stick wallpaper,Save 50% on your system and your first month is free when you sign up for professional monitoring.,26,Liz Fenwick Liz Fenwick DIY Liz Fenwick Dollar Tree diy dollar tree dollar tree diy diy dollar tree decor diy room decor dollar store diy hacks home decor ideas diy projects diy home decor dollar tree diy home decor home decor diy home decorating ideas dollar tree hacks craft Peel and Stick Dollar Tree Wallpaper dollar tree peel and stick wallpaper dollar tree peel and stick wallpaper ideas dollar tree peel and stick dollar tree peel and stick backsplash,DIY
LB_sHK-ZXOg,DIY Tiny Spinning Ghost👻,My first DIY of this spooky season   #diy #Halloween #ghost #easydiy #halloweenideas.,26,,DIY
l98CSWMtkNE,Making a TABA SQUISHY at HOME! 😱😳🧴 *DIY Taba Squishy Tutorial*,"Making a TABA SQUISHY at HOME! *DIY Taba Squishy Tutorial* In this diy shorts, I show how to make a taba squishy at ...",24,squishy taba squishy shorts how to make a taba squishy fidget fidgets fidget toys short fidget toy diy diy craft satisfying asmr asmr satisfying fidget shorts It'Sarah oddly satisfying taba squishy asmr taba squishy tutorial craft diy taba squishy squishies crafts taba diy squishy stress ball how to make a squishy taba squishy at home taba squishy recipe sensory DIY,DIY
SWv1FrcAheQ,Unique DIY Love Letter 💌 Vintage Handmade idea,shorts #halyncalligraphy #diy #craft #handmade #loveletter.,26,,DIY
8GfmogTLEBs,Safe Base in 99 nights in the forest| roblox paper diy #roblox,,26,,DIY
HYPbiT1v89E,✨ Clean Hands Quick! 👋 Daddy Makes DIY Paper Soap for Kids! 😍,PaperSoapDIY #CleanHandsForKids #DaddyHacks #CreativeKids #FunForKids #LearnAndPlay ▶️ TheSoul Music: ...,26,123go 5-minute crafts baby shark candy challenge cocomelon crafts diana and roma diy doll gadgets game gotcha hacks how to learning life hack life hacks makeover paper craft parenting peppa pig pikachu pranks school tips toy toys and colors troom troom woohoo,DIY
D0d56GrEC-s,🫧Cute DIY Mini Air sticky squishy!?￼ #diy #cutediy #diysquishy #diyfidgets #crafts #craft,,22,,DIY
0DIA7nQZqVQ,Try this with your bestie☀️🌺 #diy,,26,,DIY
lZYxm-ZAz5g,#diy 99 nights in the forest keychain🦌🌳,,26,,DIY
Y4bgiGMV8Ow,DIY ADVENTSKALENDER die richtig besonders sind✨ Cali Kessy,Mit Code CaliXmas bekommt ihr 15€ Rabatt auf den Adventskalender bei Luamaya! HIER klicken ...,22,cali kessy calikessy adventskalender adventskalender befüllen adventskalender fülen adventskalender ideen befüllen füllideen adventskalender günstige geschenkideen adventskalender günstig befüllen adventskalender füllideen adventskalender füllen ideen adventskalender günstig füllen adventskalender 2024 adventskalender basteln adventskalender diy adventskalender selber basteln weihnachtsgeschenkideen cali kessy weihnachtsgeschenke cali kessy weihnachtsdeko,DIY
DVT_Aizpl3g,DIY Easy SODA Tab BRACELET Trendy FALL Accessory,,22,,DIY
lfrYeIZBSPU,립스틱 💄 말랑이 만들기 - DIY Lipstick Squishy with nano tape #shorts,shorts#satisfying#테이프공 립스틱 말랑이 만들기 - DIY Lipstick Squishy with nano tape #shorts.,24,Yoli 요올리 Satisfying 실리콘 테이프 테이프볼 풍선 Silicone Tape nano tape Squishy 말랑이 립스틱 lipstick,DIY
eMISlI-fJSM,Easy DIY Idea for When You’re Bored💡,,24,,DIY
wTfQ0Yp5M7Q,New DIY Mini Laser Level Project 🔴 | Perfect Straight Lines for Walls and Ceilings,"I built a DIY mini laser level ✨  . It's the perfect tool for creating perfectly straight lines on walls and ceilings, or for hanging ...",26,,DIY
2hwz3Hq5SrI,Can’t believe this DIY was THAT easy! #DIY #CraftIdeas #fyp #Handmade,,22,,DIY
qJVKsMeX0mI,DIY Pipe cleaner Jellyfish,,22,,DIY
BhixR3T44Zs,DIY Zoey’s Weapon Shinkal! #shorts,stationerypal #stationery #stapler #calligraphy.,22,,DIY
0Ehgpz2HBLM,After many many requests… #diy #diygift #cheesepull,,22,,DIY
k_1DDTpDe0I,3 Inexpensive Tools From Amazon You Should Have in your Toolbox,Having the right tools even if they are inexpensive can speed things up and make your work more accurate and professional.,22,cheap tools amazon tools best tools best amazon tools,DIY
piZ1yxUaTQ8,Paper Phone Craft 🤩 | Diy Paper Phone #paperphone #shorts #crafts-to-craft,if you like the video please subscribe Paper Phone Craft   | Diy Paper Phone #paperphonecraft #diypaperphone ...,26,paper Phone Craft diy paper Phone paper Phone fake phone flip paper Phone mobile phone craft flip phone craft diy phone diy phone craft art and craft craft paper craft easy craft easy shorts feed trending Yt shorts viral crafts-to-craft craftstocraft,DIY
qNrfHdFsXgA,30 DIY Luxury Home Decor Dollar Tree Dupes,"Get ready to be inspired! In this video, I'm sharing 30 of my very best Dollar Tree DIYs of the year, all with a high-end, luxury look ...",26,The DIY Mommy DIY home decor DIY home decor christmas diy decorations diy room decor christmas decorations diy diy on a budget dollar tree canada dollar tree diy crafts home decor ideas diy crafts frugal hacks home diy easy diy crafts diy decor budget home decor home decor diy cozy home decor budget friendly home decor dollar tree diy decorating on a budget dollar store dollar store diy diy christmas decorations dollar tree easy crafts,DIY
GzmcRC86Hh0,The Dollar Tree Christmas Aisle Everyone’s Been Ignoring…Until NOW!,"Save 55% on your first box of The Pets Table, PLUS 20% off your second box with code FENWICK55 at https://bit.ly/3IPSqrd.",26,Liz Fenwick Liz Fenwick DIY Liz Fenwick Dollar Tree christmas dollar tree diy christmas decorating ideas diy dollar tree home decor diy christmas decor ideas dollar store christmas diy diy dollar tree christmas wreath diy christmas christmas christmas tree christmas decoration christmas gift craft decoration craft ideas christmas crafts christmas hacks home hacks hack Christmas Dollar Tree Crafts dollar store christmas christmas diy diy diy dollar tree,DIY
oPPgKcXNbxU,Rumi’s KPOP Demon HUNTERS Sword DIY Halloween COSPLAY,,22,,DIY
6gFGqWQKRgo,Labubu Blind Bag Paper DIY #blindbagpaper #labubu #papercraft,,26,,DIY
GzwmLudqFTw,DIY Diwali LED Earrings 😱 #crafteraditi #diwali #handmade #DIY #shorts #diwaliearring #LEDearrings,,26,,DIY
LEynijRi6bs,Safety Pin Earrings🧷 #youtube #trending #shortsviral #viralvideo #hack #diy #ashortaday,youtube #youtubeshorts #youtubeshort #youtubeshortsfeed #youtubeshortsvideo #youtubeshortsviral #youtubeviralshorts ...,22,,DIY
9c-w3487-lw,#diy cardboard ragdoll tutorial📜✂️,,26,,DIY
2PkBD14vWh4,10 DIY PROJECTS TO MAKE YOUR HOME LOOK EXPENSIVE (ON A BUDGET),10 DIY PROJECTS TO MAKE YOUR HOME LOOK EXPENSIVE (ON A BUDGET) Interior Designer: Kristen McGowan I'm excited ...,26,diy projects make your home look expensive make your home look expensive on a budget kristen mcgowan how to make your home look expensive how to make your home look expensive on a budget design hacks how to make your home look luxurious diy diy home decor diy home improvement diy home projects home decorating ideas 2025 inexpensive home upgrades diy home makeover make your home look luxurious ways to make your home look more expensive interior design hacks,DIY
RIfnUDqs-Bw,DIY Halloween costume 🪽 Angel wings craft,,26,,DIY
_IcMRheJwvg,Mix CEMENT and crushed STYROFOAM and discover a gold mine that will shock you! ,Welcome to the channel where creativity comes to life and practical solutions are at your fingertips! Subscribe ...,22,Inventions Technology Repairs DIY Smart Tricks Innovations Electronics Creativity Engineering Genius Ideas Home Projects Automation Tools Assembly Creative Recycling Sustainability Practical Solutions Hacks Construction Quick Fix Alternative Energy Homemade Technology Experiments Solar energy Sustainable technology Smart tools Creative solutions homemade antenna Sharpen knife InovaouInventa,DIY
3vT1W_yD8r4,(easiest) Dollar Tree Christmas DIY  #dollartreediy #christmas2025,Dollar Tress has some really nice things this season go check them out. @dollartree.,26,Dollar tree finds Dollar tree Dollar tree diy Christmas gift idea dollar tree gift idea dollar tree hacks christmas tree dollar tree christmas christmas 2025 christmas diy christmas diy gifts cheap christmas gifts christmas gift baskets christmas stocking stuffers stocking stuffer ideas things to put in a stocking easy crafts easy diy chritmas sock ideas how to gift socks socks in an ornament ornament crafts ornament diy christmas ornament diy gift,DIY
_8z8Hwx1dEo,🫧DIY No Paper Bag Squishy | Easy Squishy Craft Idea For Kids | Soft &amp; Satisfying Squishy Making,DIY No Paper Bag Squishy | Easy Squishy Craft Idea For Kids | Soft & Satisfying Squishy Making At Home #papercraft #cutecrafts ...,22,,DIY
vqedBqYYos0,Axolotl Squishmallow Water Tape Squishy DIY #shorts,My VLOG Channel: https://www.youtube.com/@minicutedays/videos My Japanese Channel: ...,26,minori みのりん みにきゅーとくら部 minicuteclub art draw manga anime,DIY
Leyjwh0UP54,#diy from an old phone case into a case with a ribbon🎀,,26,,DIY
ttsm1dTDtwk,Cute room decor idea🐱 #diy #cat #roomdecor #tutorial,,22,,DIY
HC8uq4Ng24c,"(🍎Paper DIY🍎) Apple X KPOP DEMON HUNTERS Blind Bag 1000$ | Iphone, Macbook, AirMax | ASMR",Hello everyone. Welcome to Mimi Paper! Please LIKE - COMMENT - SHARE ▻ SUBSCRIBE: https://bitly.li/FJxd ...,20,DIY Sticker book quiet book paper diy diy paperdiy asmr paper crafts Blind Bag sticker doll labrador mimi paper sanrio kuromi melody cinnamoroll hellokity spunki unboxing unbox,DIY
PBFI3nP7AtA,DIY Rumi Weapon Bookmark! #shorts,stationerypal #stationery #stapler #calligraphy.,22,,DIY
Hv7An_rj49c,What’s your favorite chocolate? 🤔 #diy #diygift #dubaichocolate,,22,,DIY
kC8GXgLrfGA,I Made a LABUBU NANO TAPE SQUISHY! 😱😳🫧 *satisfying diy squishy*,"I Made a LABUBU NANO TAPE SQUISHY! *satisfying diy squishy* In this nao tape shorts, I show how to make a diy nano ...",24,squishy diy stress ball labubu nano tape nano tape balloon nano tape squishy nano tape craft nano tape bubble nano bubble satisfying tiktok hack how to how to make a squishy dare nano nano tape ball craft crafts diy craft asmr fidget fidget toys fidgets chillin with rachel taba squishy how to make a stress ball diy squishy shorts funny short sensory diy,DIY
ETjikqKHUHk,#diy jellyfish lamp🪼,,26,,DIY
I56WIQ8Mnns,FULL bedroom makeover (renter-friendly &amp; eclectic) #interiordesign #diy,,26,,DIY
C6pWHoELj4c,Diy home decor #diy #youtubeshorts,diy #craft #ytshorts #yoitubeshorts #viralvideo #viralshort #bestoutofwaste #viral #shorts.,22,,DIY
pkJi5v2rU2o,🫧🧼🧴🧽  #cute #diy #diycrafts #easy #diyideas #ideas #cleaning,,22,,DIY
uJEADR4Yj94,Diy diary | back to school supplies #diy #diary #craft #shorts,,26,diy craft back to school,DIY
mmXkY5v-yMY,Man Fully Transforms His Backyard with DIY | Start to Finish by @buildersblueprint,"Builder's Blueprint takes on a full backyard renovation, transforming a dusty yard into a multi-functional outdoor retreat. The project ...",28,inventions gadgets tools quantumtechhd next level another level,DIY
vkgqW9n4cHg,"Behind the scenes of a Chinese movie&#39;s makeup scene, the actress wear mask play #behindthescene","Behind the scenes of a Chinese movie's makeup scene, the actress wear mask play #behindthescene.",1,,makeup
Bsb_bt6o8BE,LABUBUS Pick My Makeup Look! 🖤🌈✨,,26,,makeup
uIjfVtVkhTg,#grwm with #asmr makeup edition🫶🏼❤️,,22,,makeup
hpAi9PM0uAM,Makeup Transformation Kim Kardashian Inspired 😱🔥🔥 #makeuptutorial ,"In today's video, I'm recreating the iconic Kim Kardashian glam! Watch step by step how I achieved this flawless skin, ...",26,wappamoda makeup maquillaje maquiagem familia marido vlog fim do canal fim youtube transformation,makeup
LqJ4IzIPb6k,My full makeup tutorial! (step by step),HI EVERYBODY!! You guys have asked me for a full makeup tutorial video for a long time and I finally filmed it for you!,22,embreigh embreigh courtlyn,makeup
fb2E1n6sgCI,BEGINNERS GUIDE: To FLAWLESS MAKEUP (DRUGSTORE ONLY!),Beginners guide to flawless makeup…under $150 is all linked below ⬇️ I hope you found this video helpful! Xoxo Nikki ❤️ -elf ...,26,#beginnersguidetomakeup #beginnermakeuptutorial #makeupforbeginners #maturemakeuptutorial #drugstoremakeup #affordablemakeuptutorial,makeup
hbK5FwwM2ko,2014. vs 2024. makeup🤍,,22,,makeup
ypdT4UahO_c,#grwm with my favourite makeup routine❤️ Full version👆🏼👆🏼👆🏼,,22,,makeup
lWMbU5nP-1Q,CUTE ✅ or FAIL? ❌ Bee Vision Filter Makeup Challenge! 🐝👀,springonshorts #makeup.,24,,makeup
dym5tL4J2vY,the CUTEST SKINCARE ROUTINE🥰 #beauty #funny #cosmetics #unboxing #skincare #routinevlog,,22,,makeup
qNiYs_k9zNk,me when I only self tan my body 😭😂💔 #makeup #girls #relatable #trending,,22,,makeup
njRzHDKqetI,try this viral hack #shortsvideo #hack #makeup #coconutoil #shorts,try this viral hack #shortsvideo #hack #makeup #coconutoil #shorts.,22,try this viral hack #shortsvideo #hack #makeup #coconutoil #shorts,makeup
5pwyufEKaT8,Partiality fr #makeup #relatable #shorts #girls #foryoupage #fyp #explorepage #explore #sephora,,22,,makeup
hhT1fkmqcxA,ASMR makeup,,22,,makeup
-RNGgdn7U0M,THIS BROKE MY HEART 💔😭,Subscribe to my channel: http://bit.ly/2hjbrRN :) #shorts #makeup --- Find me on : ⭐ Facebook ...,26,makeup makeup tutorial beauty makeup transformation makeup products trending makeup makeup look eyeshadow lipstick eyeliner eyebrows blush lipgloss everyday makeup makeup artist smokey eye colourpop maybelline foundation concealer full coverage mascara green makeup red lipstick hair tutorial wig rhinestones diy,makeup
X0xSSeORFjY,FILTER PICKS MY MAKEUP PUMPS😭😭,imagine if it was the rare beauty blush #makeup #makeupproducts #sephora #makeupchallenge #beautyproducts.,22,,makeup
fG5cAmtDUg8,Korean whitening pack #viralvideo #shorts #shortvideo #short #song #viral #trending #hype #makeup,"I'm Archna. On my channel, you will find Makeup hack Tricks and Magic. I love Makeup, Tricks, Magic and sharing my experiences ...",20,,makeup
ow2PLCubvJU,What&#39;s In My Makeup Bag?,"If you can, please donate to LA Firefighters: https://supportlafd.org/ CHARITIES: Follow the Altadena Girls on Instagram- teen girls ...",22,,makeup
tuLTPv9Lo50,Kat Longoria - GRWM with my fav makeup hacks! ASMR edition,GRWM with my fav makeup hacks!:) ENJOY WATCHING!     Become a sponsor of my channel❤️ ...,22,kat longoria kat longoria asmr kat longoria makeup kat longoria makeup asmr kat longoria grwm kat longoria makeup hacks kat longoria makeup videos asmr asmr makeup makeup tutorial makeup asmr grwm grwm makeup grwm asmr asmr videos,makeup
fmOkWqg9N7I,USING JUMBO MAKEUP #fyp #relatable #makeup #challenge,,22,,makeup
gNLtgvcwwcQ,Why is it like this… #relatable #hair #makeup #beauty #girls,,22,,makeup
s4CrXY4lm-Q,Rate this transition 1-10!!! #makeup #beauty #makeuptutorial #makeupartist #shorts #trending #trend,,24,,makeup
zKvH4OrxiY4,ASMR Fake Makeup on Mannequin (Whispered),"ASMR whispered video applying fake plastic makeup onto a mannequin head. So many new products. Lots of plastic sounds, ...",22,asmr asmrtist makeup asmr makeup asmr makeover asmr makeup role-play tingles whispering whispered video asmr whisper asmr British lipgloss sounds asmr tapping asmr tapping video asmr makeup sounds asmr mannequin Mannequin asmr makeup on mannequin asmr lid sounds asmr wood asmr wood tapping asmr wood makeup asmr brushing asmr face tapping asmr fake makeup asmr mannequin makeup plastic sounds,makeup
myvUkT4B704,#grwm with all makeup hacks🫶🏼❤️,Become a sponsor of my channel❤️ And you will get access to exclusive bonuses       ...,22,,makeup
IkZfaR3Z9oI,Sephora Savings Event: The Only Makeup Worth Your Money (2025 Must-Haves!) | ANDREEA ALI,My online makeup course available here: https://bit.ly/3FEieiQ Follow me on Instagram: / aliandreeamakeup Follow me on TikTok ...,26,andreea ali Sephora savings event 2025 luxury makeup,makeup
-OKi4GfsI64,The Power Of A Makeup  ☠️🔥[91],Makeup can truly change everything Watch till the end to see the real power of makeup! Witness the magic of cosplay and ...,26,the power of makeup makeup transformation makeup tutorial makeup magic makeup reveal no makeup vs makeup half face makeup makeup skills makeup artistry makeup challenge makeup hacks makeup trends makeup 2025 makeup inspiration makeup edit makeup transitions tiktok makeup makeup before and after makeup makeup artist power of makeup glow up american makeup usa beauty viral in usa makeup tricks trending makeup viral shorts american vibes,makeup
Sv4SKD5qzTk,Rose eye makeup tutorial 🎀,eyemakeup #makeup #america.,22,,makeup
9s0mRCfWU9s,Hanuman makeup making #hanuman #bajarangbali #jaishreeram #ram #shortsfeed,,10,,makeup
o_f6-bDbWm8,Dior unboxing 🤩✨ #asmr #luxury #beauty #makeup,,26,,makeup
bztDdS7QW40,Sephora Savings Shopping Guide My Makeup Holy Grails #sephorasale #makeup,,26,,makeup
P6oLynZy2mc,Pennywise makeup transformation | SFX PENNYWISE MAKEUP,Pennywise makeup transformation | SFX PENNYWISE MAKEUP.,26,Pennywise makeup Pennywise SFX makeup Makeup transformation Makeup transition Creative makeup Crazy makeup Cosplay Cosplay makeup Pennywise cosplay Pennywise costume Pennywise SFX makeup SFX makeup tutorial Cosplay SFX makeup SFX makeup artist Makeup tutorials SFX makeup tutorials,makeup
e6BohSo_ryI,Ranking The Makeup Transitions,Best makeup transitions From bare face to glam in seconds — perfect for beauty lovers. #MakeupTransition #GlowUp ...,24,makeup transitions glow up makeup before and after makeup makeup transformation viral makeup shorts makeup short video beauty transition trending makeup video quick makeup change best makeup shorts makeup reel transformation short makeup video,makeup
3tSL2CEiyjU,Real Korean Makeup look like this😂 #shorts #korean #koreanmakeup #makeup #brilliancebyrasa #fyp,Real Korean Makeup look like this   #shorts #korean #koreanmakeup #makeup #brilliancebyrasa #fyp.,26,shorts brilliance by rasa korean korean makeup korean skincare korean makeup tutorial korean skincare routine real makeup of korea real makeup look like this worst makeup bad makeup look funny makeup look koreans beauty secret beauty skincare makeup viral makeup real makeup reality of korean makeup explore makeup tutorial fyp,makeup
ZVXMNaVEcLQ,October&#39;s Most Creative Old Makeup Product Revival Ideas!💄Satisfying Makeup Repair ASMR #975,October's Most Creative Old Makeup Product Revival Ideas!  Satisfying Makeup Repair ASMR #975 Hey Beauty Lovers!,22,cosmetic up cosmetic up asmr cosmetic up 1 hour satisfying satisfying makeup satisfying video satisfying repair makeup makeup repair cosmetic repair satifying asmr asmr sleep diy relaxing oddly restoration makeup restoration satisfactorio storytime cosmetics repair asmr for sleep cosmetics restoration recycling asmr makeup asmr satisfying makeup repair satisfying video makeup asmr makeup repair 힐링타임즈 화장품 slime Depotting Handmade lipstick High-End Makeup,makeup
GEifh24GcEo,HE DESTROYED MY MAKEUP?! 👀🫣 #skincare #freepreppyclip #beautyproducts #makeup #preppy #sephora,,24,,makeup
yaZBLLCUdgI,3 product developer APPROVED recs for the sephora sale #sephorarecs #sephorasale #makeup,,26,,makeup
AHNGNaWHHvo,Chinese makeup on dark skin - korean makeup on black girl #grwm #makeuptutorial #eyeshadow #makeup,,22,,makeup
nq1ouqJcO74,Indian wedding party makeup look. natural makeup look|#makeup #makeuptutorial #eyemakeup #shortsfeed,party makeup look. natural makeup look|#viral #makeup #makeuptutorial #eyemakeup #shortsfeed #youtub.,26,party makeup look natural party makeup look Indian wedding party makeup look makeup look eye makeup look,makeup
bujcMRHwn9k,Ranking The Best RHINESTONE Makeup 💎 #tiktokviral #makeupchallenge,Ranking The Best RHINESTONE Makeup #tiktokviralvideo #makeupchallenge #tiktoktrend #ranking #makeuptransformation ...,24,,makeup
pEOA72w8mOE,SEPHORA SALE RECOMMENDATIONS: Top Beauty Must-Haves After Reviewing 1000 NEW Makeup Products in 2025,Here are my SEPHORA SALE RECOMMENDATIONS! These are the Top Beauty Must-Haves AFTER Reviewing over 1000 NEW ...,26,sephora sale recommendations sephora sale must haves sephora 2025 sale recommendations new at sephora what is worth getting at sephora sephora vib sale 2025 sephora holiday savings event 2025 sephora sephora recommendations best makeup at sephora sephora discount code,makeup
YdJzFgyZUkQ,I DID IT AGAIN 😳,Subscribe to my channel: http://bit.ly/2hjbrRN :) #shorts #makeup --- Find me on : ⭐ Facebook ...,26,fashion shoes accessories slippers weird clothes weird shoes haul funny reaction weird things I bought tiktok made me buy it trying weird stuff internet finds fashion fail trying viral unboxing chaotic unboxing shorts viral shorts trending shorts funny shorts,makeup
rswGgirlWTs,CRAZY MAKEUP SCAM!😱 #makeuphacks #makeupshorts #makeuptutorial #makeuplover,,26,,makeup
iyMj5strGZI,How to Sneak Makeup 💄😂 #shorts,Thank you for watching. Subscribe to Mr Degree Music: https://player.epidemicsound.com.,26,makeup how to sneak sneak school mariana shorts funny idea diy hacks mr degree youtube video,makeup
B8D-_NsKcak,FULL FACE OF VIRAL MAKEUP FROM TIKTOK SHOP UK! 🇬🇧,"WE'RE GOING TO THE UK! Today's video is trying out viral makeup products from UK tiktok shop, from P Louise, Made By ...",24,james james charles makeup artist mua cute easy makeup how-to reviews tutorials funny videos beauty tips hacks beauty guru lips beauty hacks makeup routines prom makeup tik tok makeup tik tok hacks tik tok beauty hacks tiktok painted painted by james charles painted review makeup challenge tiktok shop full face of trying a full face tiktok shop uk uk makeup uk glam jordan lipscombe painted uk painted blind box viral makeup new makeup,makeup
SMy1wE5q5-c,doe eyes makeup tutorial🦌🤎 #makeup #makeuplook,,24,,makeup
DIctXumVRRY,Korean Makeup Hack Unlock😯#shorts,Welcome To My YouTube Channel #reaction #shorts My WhatsApp: (+923704372102) About Video This video is only made for ...,26,,makeup
-o9_kCwp3wo,Foundation Hack Testing ✅✨ #hack #shorts #makeup #youtubeshorts #foundation #trending #viral,,26,,makeup
W7kiubaCtD0,메이크업 ASMR | 매력적인 서양인 메이크업 | BLACK BEAUTY MAKEUP ANIMATION | MAKEUP FOR DARK SKIN,안녕하세요 스마일 밤입니다 오늘은 서양인 메이크업 영상을 가져와 봤습니다   이국적인 메이크업을 한번 시도해보고 싶어서 ...,1,,makeup
B1P1smN1kwk,Prettiest Chinese lip gloss #lipgloss #lipglossasmr #pink #cbeauty #makeup #wonyoungism  #shorts,,22,,makeup
bHDFG-OwQRQ,SOUTH KOREA makeup haul🇰🇷 #shorts #ashortaday #makeup #southkorea #oliveyounghaul,,26,,makeup
OIwC6Jv55Hk,30 DAYS OF QUICK HEALTHY RECIPES,carolefood.com #shorts #recipes.,22,,food recipes
NHrnOj3q4dI,Chicken Chowmein! 🤤 (Better than Restaurant),"Chicken Chowmein On episode 3 of 'We Got Food at Home', i'm showing you how to make the perfect restaurant or take-out ...",22,Chowmein Chowmein recipe How to make chowmein Chicken chowmein Food fusion Pakistan India Pakistani food Spicy food Recipes Cooking Kitchen Home Cleaning chinese food Dinner Lunch Easy recipes Noodles Spaghetti,food recipes
X5WTx_aWv5A,Crispy Beef Tacos,shorts.,26,,food recipes
vZk-nsUJoEM,The best Nutella dessert ever! #easyrecipe #nutella #recipe,,26,,food recipes
eNeDlI_LIgY,How to cook salmon fish recipe #shortvideo #shorts #cooking #food #recipe,,22,,food recipes
CA05FuaVmNg,They’re so affordable too #pasta #ricecooker #college #cooking #recipes #easymeals #dormroom,,22,,food recipes
mnaqE8gmNsg,You’ll Never Make Chicken Breast Another Way Again! Super Easy and So Delicious!,"Click ""CC"" in the lower-right menu to select your subtitle language ❤️ My Instagram ...",26,cooking recipe recipes homemade Perfect Chicken Breast at Home chicken breast recipes how to cook chicken breast how to cook chicken juicy chicken breast baked chicken breast chicken recipe chicken home cooking easy recipes essen recipes chicken recipes quick and easy recipe essen essen recipes chicken,food recipes
jPOxWOE-3Xk,25 Chicken Recipes,Reserve the One Top: http://bit.ly/2v0iast Looking for a specific recipe? Here's the list of them in order: 00:10 Creamy Chicken ...,26,BuzzFeed BuzzFeed Tasty K_fe Lasagna Tasty appetizer avocado bacon bbq chicken butter caesar salad chicken chicken and dumplings chicken and mushroom chicken parm chicken pot pie chicken tortilla soup creamy lemon butter chicken dinner fajita food fried chicken guacamole lemon lo mein lunch pasta pesto recipes salad soup stir fry wings,food recipes
OTAwvdRJn6M,5 Easy Dinners You Can Make in 30 Minutes or Less (Garlic Butter Chicken Bites &amp; More) | Allrecipes,"Looking for quick and delicious dinners that come together in just 30 minutes? In this video, Nicole is sharing five easy recipes ...",26,allrecipes allrecipes.com easy dinner recipes 30 minute meals quick dinner ideas weeknight dinners fast dinner recipes easy meals simple dinner recipes one pot meals chicken recipes salmon recipes beef recipes garlic butter chicken taco stuffed potatoes crispy chicken patties bang bang salmon ramen recipes homemade dinner meal ideas cooking tips bang bang salmon recipe crispy chicken patties recipe one pot beef ramen one pot beef Ramen recipe,food recipes
bAu4-iclG5U,Soft Potato Taco Bowl | Quick and Easy Recipe #onestopchop,Soft Potato Taco Bowl is my new favorite. Used to make these all the time when I worked at Taco Bell! Perfect for meal preps too ...,22,Scrubdaddy Scrub daddy Scrub Daddy Keith lee OneStopChop Mr beast Beast Taco Bell Tacobell Meal prep Meal Prep Keto Healthy quick and easy YouTube Shorts,food recipes
-4VIMljwF2k,How did I not know about this easy one-pan dinner  #easyrecipe #recipe #dinner #cooking,,26,,food recipes
t1E9lmHLs-U,The Most Addictive Chicken Recipe on the Internet! Sooo Delicious 😋 🔥🍗 | 2 RECIPES,"I wasn't ready for how good this chicken would turn out. Juicy, tender, and absolutely exploding with flavor, this might just be the ...",26,chicken leg quarters recipe chicken asado chicken asado recipe chicken recipe km_20240717-2_2160p_60f_20240717_185316 how to make fried chicken wings crispy fried chicken the best fried chicken wings chicken wings recipe chicken wings with pineapple pineapple chicken wings how to cook chicken wings crispy chicken wings the best chicken wings crispy fried chicken wings sticky pork ribs how to make pork ribs #everyone #subscribers #youtubeusers,food recipes
QDAm_c03w4Q,Put Egg Into Semolina Recipe By ijaz Ansari | Yummy And Tasty Recipe | Egg Recipe | Suji Recipe |,suji #Egg #ijazansarifoodsecrets #ijazansarirecipes #recipe #yummy #tasty #anda #semolina.,26,put egg into semolina recipe suji recipe egg recipe anda recipes halwa recipe suji ka halwa banane ka tarika suji halwa recipe ijaz Ansari Food Secrets ijaz Ansari recipes recipe easy recipe yummy Recipe quick recipe,food recipes
KviyEjj2EOU,Day 46🍴Instant Food Recipes😍Cheesy Pizza Bites #foodrecipes #pizza #cheese #quickrecipe,,22,,food recipes
INOSH4mlSMM,I learned this in a restaurant! This is the tastiest chicken I&#39;ve ever had,,22,,food recipes
tAD9nUsURSk,10 Depression-Era Recipes That Still Taste Amazing Today | Allrecipes,"Looking for ways to save money in the kitchen without sacrificing flavor? In this video, Nicole makes 10 Great Depression–era ...",26,allrecipes allrecipes.com Great Depression recipes Depression-Era recipes Depression Era cooking old fashioned recipes budget meals cheap meals frugal cooking thrifty recipes cooking on a budget Depression meals Hoover Stew Poor Man’s Meal Egg Drop Soup Stuffed Potato Pancakes Eggs with Peppers and Potatoes Cabbage and Noodles Creamed Chipped Beef Water Pie Wacky Cake Nicole McLaughlin Allrecipes frugal meal ideas Great Depression recipe,food recipes
aOLyq27WbLA,3 EASY Japanese Dishes to Make at Home,All of the recipes and more are available on my blog (link in bio) KyrieTheFoodie.com Make sure to subscribe to me ...,22,,food recipes
v2oHa5oxM00,New Chocolate dessert recipe by food ward fyz,,26,,food recipes
VoaXkzJVtIo,Only eating viral TikTok recipes for a full day! #foodie #shorts #eating #recipe #cooking,,22,,food recipes
tywjrL42mFY,Our secret to meal prep! 1 hour to make 3 dishes and 12 healthy plant-based meals 💯#ad,Stop wasting money on takeout! This is the secret to effortless meal prep so you've always got nourishing meals ready to go ...,26,,food recipes
uWoB0_3wSrY,Sheet Pan Chicken Kefta 🔥 (Full recipe pinned in the comment section),,22,,food recipes
lT9Jvbou77g,Never eat this #cooking #recipe #foodasmr #food,,22,,food recipes
CfchYxh7Q9g,I&#39;ve Never Eaten Ground Beef and Potatoes This Delicious! The Most Simple Dinner Recipe!,"Click ""CC"" in the lower-right menu to select your subtitle language ❤️ My Instagram ...",26,essen recipes essen rezepte essen easy recipes beef recipes ground beef recipes beef ground beef beef stroganoff ground beef stroganoff quick dinner best beef stroganoff cooking recipes recipes simple recipe simple recipes beef recipe quick meals easy dinner easy dinner recipes quick and easy recipes recipe easy dinner ideas the most famous tender beef recipe healthy recipe quick recipes dinner ideas snacks recipes tasty dinner amsr tasty dinner,food recipes
pkfnMeWmcbo,I Tested FAST FOOD vs Tiktok Recipes! 🍔🍟,Get 16 free meals when you order #Suvie today: ...,24,honeysuckle Mukbang tasty bon appétit yummy food how to asmr eating cooking street food what I eat in a day how to make recipe recipes easy recipes healthy food healthy recipes how to cook,food recipes
pFFsWfvODaw,EASY CHINESE EGG CREPE RECIPE #recipe #cooking #chinesefood #crepe #comfortfood #jianbing #egg,,22,chinesefood recipe cooking homemade easyrecipe asianfood streetfood trendingrecipe,food recipes
NSP7PIM7mCw,Chocolate Dessert Recipe🍫#chocolate #dessert #chocolates #trending #shorts #easyrecipe,Chocolate Dessert Recipe  #chocolate #dessert #chocolates #trending #shorts #easyrecipe #recipe #easyrecipe ...,22,chocolate dessert recipe chocolate dessert recipes chocolate dessert box recipe chocolate brownie dessert recipes chocolate dessert chocolate recipes chocolate dessert box chocolate desserts chocolate dessert cups gluten free chocolate dessert hot chocolate recipe dessert recipe homemade chocolate dessert chocolate cake desserts chocolate dessert no bake chocolate brownie dessert,food recipes
ni_HSCBqDlM,Street Style Veg Manchurian ASMR Cooking || #shorts #cooking #food #asmr #recipe #indianasmrworld,Street Style Veg Manchurian ASMR Cooking || #shorts #cooking #food #asmr #recipe #indianasmrworld.,22,Food Cooking Asmr Recipe Sounds asmr Cooking Asmr sounds Asmr food Asmr recipe Indian ASMR World Shorts Street food,food recipes
aGKQZesh0rg,These KOREAN POTATO PANCAKES tried to mess with me!,These KOREAN POTATO PANCAKES tried to mess with me! ✨Recipe: 1 lb Potatoes ½ cup cornstarch 2 tbsp sugar ½ tsp salt ...,24,littleremyfood little remy food little remy food shorts viral trend i tried the best celebrity chef comfort food treat recipe recipie korean korean food korea pancake pancakes korean pancakes potato pancakes korean potato pancakes,food recipes
a7JI4B9VSKM,Sooji Medu Vada ASMR  #cooking #food  #recipe#menduvada,Sooji Medu Vada ASMR #cooking #food #recipe# menduvada #indianrecipe Ingredients for Sooji Mendu Vada: For Vada: 1.,26,andhra vadalu recipe crispy medu vada recipe instant medu vada instant rava medu vada instant vada instant vada recipe quick vada recipe rava vada rava vada recipe sooji vada suji ka vada suji vada vada recipe indian food videos indian cooking videos cooking medu vada south indian vada recipe south indian breakfast how to make crispy medu vada cripsy vadai recipe vadai breakfast recipes south indian recipe indian recipes quick recipe medhu vadai,food recipes
afM7gVxT-Q8,Simple One Pot Ground Beef Pasta Recipe: Perfect for Weeknights,"Click ""CC"" in the lower-right menu to select your subtitle language ❤️ My Instagram ...",26,essen recipes essen recipe recipe recipes essen one pot meals pasta recipes ground beef pasta ground beef recipes easy recipes yt: cc = on ground beef recipe a few ingredients recipes my husband's favorite recipe simple recipes quick and easy recipes essen rezepte dinner recipe tasty recipes amsr cheap recipe healthy recipes kids friendly recipes beef recipes simple recipe beef recipe quick recipes cheap meals quick recipe,food recipes
CF9T1mAls-4,A5 Wagyu Crispy Rice Bites For My Kids Lunch #shorts #cooking #recipe,,22,,food recipes
DnVleXAJ6fw,Cheap vs expensive burrito #cooking #food #foodasmr #recipe,,22,,food recipes
KbZTfENyTPM,High-Protein Paneer Roll Recipe for Muscle Gain | Vegetarian Meal for Fitness,"Description: Looking for a quick and easy high-protein vegetarian meal? This delicious paneer roll is packed with protein, making ...",22,high-protein vegetarian meal paneer roll muscle gain vegetarian bodybuilding meal fitness food healthy recipes vegetarian protein source quick protein recipes high-protein Indian food.,food recipes
aoy78JqoObM,5 Easy Slow Cooker Dinners Perfect for Fall | Allrecipes,"Looking for cozy, comforting dinners that practically cook themselves? In this video, Nicole makes five easy slow cooker recipes ...",26,allrecipes allrecipes.com slow cooker recipes crockpot recipes cozy fall dinners slow cooker dinners easy slow cooker recipes easy fall dinners slow cooker meals Allrecipes slow cooker Nicole McLaughlin cooking with Nicole weeknight dinners make ahead meals swamp potatoes and sausage slow cooker salisbury steak teriyaki pork tenderloin white chicken chili widow maker chili pot roast dips crockpot meals slow cooker ideas set it and forget it,food recipes
Xao87NNSfiM,New way to make lasagna like you&#39;ve never seen before,New way to make lasagna like you've never seen before #shorts.,22,,food recipes
mvqHJK6NMxs,Two Easy Dumpling Recipes 🥟,TWO EASY DUMPLING RECIPES 1. Spicy Korean Rosé Sauce 2. Easy-Fold Method Both of these recipes are on my blog ...,22,,food recipes
k-WKTGyt1Io,Day 40🍴Instant Food Recipes!😍 Tandoori Soyabean Must try👌 #healthyfood #quickrecipe #soyabean,,22,,food recipes
wMnvUT6BecY,￼5 different egg curry recipe uploaded #kitchentalesbyneethu #food #eggcurry #cooking #malayalam,,22,,food recipes
fq0axZS3aOw,Lunchbox ideas! Cold Chicken sandwich | Pakistani chicken sandwich Homemade chicken sandwich recipe,,26,Chicken sandwich recipe Cold chicken sandwich recipe easy chicken sandwich recipe bakery style chicken sandwich recipe cold sandwich easy homemade sandwich recipe kids lunch box ideas lunch box recipes hunsband lunch box easy food bento bento box homemade lunch for kids,food recipes
ppwAv7x7c60,Lava Dessert 🤯 #lava #dessert,,26,,food recipes
yIu318Vcg3E,আটার বিস্কুট 🍪 #shorts #trending #food #recipe #homemade #viralvideo,Almond pistachio cookies recipe #shorts #trending #traditional #food #recipe #cooking #homemade #viralvideo.,22,#cookiesrecipe #recipe,food recipes
px77yCcmNyI,Easy High Protein Salad- Creamy Green Bowl #recipe #fitness #easyrecipe #food #weightloss #viral,,22,,food recipes
MOBXGzmG-P8,Extra Cheesy garlic bread recipe #food #tranding #shorts,,27,,food recipes
Hfc8K7uoWVY,The OG American Food - Navajo Blue Corn Mush 🌽 #recipes #foodhistory #navajonation,,19,,food recipes
AdrDNhsh9Iw,30 minute One pot pasta easy recipe for dinner 🥗🍝 #quickmeal #onepotmeal #brainrot #usa #dinner,,22,,food recipes
841zkXFTvvQ,5 High-Protein Dinner Recipes You Need to Try | Allrecipes,"Looking for quick, protein-packed dinners that are perfect for busy weeknights? In this video, Nicole shares five easy high-protein ...",26,allrecipes allrecipes.com high protein dinners easy high protein meals quick high protein recipes healthy dinner ideas weeknight dinners protein packed meals low carb dinners thai basil chicken shrimp fajitas unstuffed cabbage rolls quinoa chicken skillet broiled tilapia parmesan easy dinner recipes high protein dinner ideas 30 minute meals meal prep recipes high protein meal prep family dinner ideas simple dinner recipes healthy eating,food recipes
62E7y74XqJ0,Tortilla Kebab Skewers. RECIPE #shorts #cooking #recipes #food #kebab,"The VIRAL Tortilla Kebabs – Air Fryer Edition! I put my own twist on this trending recipe, and let me tell you… it did NOT ...",22,Tortilla kebabs Tortilla hacks Air fryer tortilla Quick air fryer recipes Easy kebab recipes 15 minute meals Air fryer recipes,food recipes
owsD46mTaog,I&#39;ve Never Eaten Ground Beef This Delicious! The Most Simple Dinner Recipe!,"Click ""CC"" in the lower-right menu to select your subtitle language ❤️ My Instagram ...",26,essen recipes essen rezepte essen easy recipes beef recipes ground beef recipes beef ground beef beef stroganoff ground beef stroganoff quick dinner best beef stroganoff cooking recipes recipes simple recipe simple recipes beef recipe quick meals easy dinner easy dinner recipes quick and easy recipes recipe easy dinner ideas the most famous tender beef recipe healthy recipe quick recipes dinner ideas snacks recipes tasty dinner amsr tasty,food recipes
HaEiTeA-3B8,Making Gordon Ramsay Salmon!,gordonramsay What should I cook next? Twitter: https://twitter.com/Nolan Instagram: https://www.instagram.com/nolanhansen.,24,,food recipes
7kFsbNGPHmA,Stop letting aesthetics decide your progress. Here’s the real talk. #fitness,,22,,fitness
qB281BY13b8,4 am routine 🤸🏼‍♀️ #fitness #productivity #morningroutine #dayinmylife #morning motivation #gym,,22,,fitness
h3lTfxszM30,the contrast 🤧  #gym #trending #fit #fitness #workout #training   #gymrat #calisthenics,,22,,fitness
-X3rY91kUX8,Life&#39;s not Fair...😭,shorts #viral #trending #YoutubeVideo #fyp #gym #couple #fitness #gymgirl #funny #gymtok #workout #gymcouple.,22,,fitness
y2PhXysg2do,19 to 24 Natural Transformation #gym #viral #youtubeshorts #fitness #youtubeviral #shortsviral,,23,,fitness
-RNMhjDPk4s,Getting results at home. Epic legs &amp; glutes workout. #fitness #workout #legday  #homeworkout #viral,Most people I see are training with exercise selections based on what body part it trains. I want to show you how I program ...,26,,fitness
EWhMxVsIfPY,Start now! #workout #fitness,,22,,fitness
ZrLtXNWZ2W0,full chest workout in home 🫵 try this 🔥#motivation #workout #gym #desi #fitness #shorts #trending,,22,,fitness
SMBTOeouZ0I,"ШЕЯ-Блок, Отложения, Застои 🔑  #здоровье #motivation #fitness #training #спорт ","Сонные Артерии, подключичные, позвоночные, брахиоцефальный ствол. Эти артерии обеспечивают кровью мягкие ткани ...",22,,fitness
AkxvIRkalr8,South Asian Girl in Latino Fitness 🔥🍓🍓 #crossfit #model #glutes #fitness #gymlover #legsday #latino,"This is a place where I post REAL TIME, AT HOME workouts. My goal is to help inspire everyone at all fitness levels to get up, get ...",22,,fitness
dKhRCBpdU8w,I embarrassed him again…😳 #gymgirl #girlswholift #viral #funny #gym #fitness #gymlife #gymlover,,22,,fitness
PbtkkwIeH4s,300 workout! Dumbbell only | Upper body workout 🔥 #fitness,"Grab a pair of dumbbells, clear your schedule the next day cos you ain't lifting your arms! This upper body workout will burn ...",17,Dumbbells 300 workout Home workout Dumbbell workout Upper body,fitness
-Lwy8VCznBQ,#viral #fitness #fitnessmotivation #fitnessjourney #gym #gymgirl #gymmotivation #fyp,,22,,fitness
OlMN75a-OwI,Full Body Insanity Dumbbell Circuit. Try if you dare 💪🏽 #fitness #hiit #workout,,22,,fitness
zhGhxYUv4yQ,I Was Going Until Failure And This Happened… #gym #fitness #legpress,,22,,fitness
oenu2K8e6oU,weight loss exercises at home #sports #fitness #trending #home workout,,26,,fitness
oJ70ZNOlLJg,#gymmotivation #workout #fitness #athlete #bodybuilding #powerlifting #gymlife #gymgirl #gym,,22,,fitness
R8rW_xjUzOc,This Transformation is ABSOLUTELY WILD  #gym #fitness #workout #musclecontrol #gymskit #gymmeme,,17,,fitness
wbbCqU0dBe4,10 Min Chair Workout for Seniors | Belly Fat Exercises for Men Over 50,This chair workout for seniors is a simple and effective 10 min routine designed to help men over 50 burn belly fat and stay active.,17,Fitness & Gym Workout Now! 10 Min Chair Workout for Seniors Belly Fat Exercises for Men Over 50 chair exercises for seniors chair workouts 10 minute chair exercise exercise for seniors chair exercises chair exercise seated exercises exercises to lose belly fat for men over 50 lose belly fat exercise exercises to lose belly fat after 50 exercise to lose belly fat for men exercises to lose belly fat for men exercises to lose belly fat how to lose belly fat,fitness
T3d-c1TAQQg,I Tested TEMU Scam Fitness Products,"Scam or legit? Download the MacroFactor App- CODE ""WILL"" for 2 week free trial! http://onelink.to/mfwill SHOP GYMSHARK ...",22,temu testing temu products is temu a scam i tested gym fitness review bodybuilding vlog i tested temu scam fitness products will tennyson scam fitness products amazon,fitness
Mwrq5w5wibs,1 Year Transformation 🔱👑 #bodybuilding #fitness #gym #shortsviral,,17,,fitness
m5HnOiMK52o,Can’t compete with the Dad Strength 🤦‍♂️😂 #fitness #gym #viral #youtubeshorts #skits #youtubeviral,SUPPORT   15% off YoungLA (Clothing) 20% off Ghost (Supplements) 15% off RGMNT (My Jewelry) 15% off Helimix ...,23,,fitness
_aCOOyd95kU,Calisthenics vs Gym: Which Is More Effective?,"Calisthenics VS Gym Which REALLY Works Best We break it down in under a minute: cost, progression, and strength.",17,,fitness
hvCgDYFIRGY,A Tour Of The Smartest Gym Ever Built,Try my smart nutrition app MacroFactor 2 weeks free using code JEFF and help support the science I'll be doing in the new ...,24,jeff nippard gym jeff nippard gym tour dr mike gym tour sam sulek gym jeff nippard muscle lab science based lifting science based lifter science based workout jeff nipard science gym jeff nippard's gym tour jeff nippard's gym jeff nippard lab jeff nippard study jeff nippard experiment how to lose fat home workout will tennyson jesse james west,fitness
x-ImhnwOVIw,3 changes that helped transform ❤️ #transformation #fatloss #fitness,,22,,fitness
fIZcyJiaiLg,Chest &amp; Arms Workout Routine #chestworkout #armworkout #chestday #armday #fitness #gymmotivation,,24,,fitness
vos-7jaTd88,DEJÓ el gym por la CALISTENIA 🤯😱 #gym #calistenia #gymrat #fitness,Dejó el gym por la calistenia y su cambio fue increíble ¿Tú qué eliges?,20,,fitness
OOKuygNXt5s,"6 Dumbbell Exercise for Biceps,Triceps,Forearm‼️ #fitness #aesthetic #motivation #armworkout",,22,,fitness
HLVPYdOTLFk,challenge accepted 💪❤️ #viralvideo #shorts #fitness #workout #explore #youtubeshorts,,24,,fitness
BsPkvVM4XoY,Get a slim waist &amp; toned body in 7 days! With bottle #pilates #workout #fitness,,26,,fitness
yI5WVcJaBtI,Asking 50 year old woman how she stays fit. #workout #interview #fitness #motivation #nyc,,17,,fitness
JCCXckHTb28,6 years Natural Body transformation #shorts#fitness#gym,,22,,fitness
76Qxf5LpWhk,Social Media Secret 🤝 GymLamp. Best tool for posing 💪🏻 #gym #gymbro #fitness #gymrat #gymbros,,22,,fitness
TLiwNDfgmAM,I love my wrists 🫨  #gym #trending #fit #fitness #workout #training   #gymrat #calisthenics,,22,,fitness
8Cco83VVVLI,Day 26 | RUKNA NHI HAI ❤️🎯 | #fatlosejourney #weightloss #motivation #gym #fitness #viral #trending,,22,,fitness
gHVADGVyTLA,Priorities #viral #fitness #youtubeviral #gym #shorts,,23,,fitness
AW1NjYRJDMQ,stay natural ✅#motivation #fitness #bodybuilding #gymlover #gym #powerlifting #armwrestling,,22,,fitness
KoQoBv1LV7g,#gymmotivation #workout #fitness #athlete #bodybuilding #powerlifting #gymlife #gymgirl #gym,,22,,fitness
4zQg9s1BP-4,"one action to lose belly fat, lose weight, 100 per day #fitness #workout",,26,,fitness
7z1RCn_fKjI,#weightloss #loseweightfast #bellyfat #youtubeshorts #shorts #workoutathome #fatloss #fitness #fit,,22,,fitness
ix60-4NA75E,Gym date gone wrong😔,Watch as a gym date takes a unexpected turn in this funny and relatable video. Sometimes things just don't go as planned!,17,,fitness
ywYzEkwNZ7s,BRAZOS MÁS FUERTES Y FIRMES CON 4 MOVIMIENTOS #fitness #shorts,"Te comparto mi combo favorito de 4 movimientos para activar esos bíceps y darles forma en minutos. ¡Cero excusas, solo ...",17,Rebeca Rubio gym entrenamiento en casa abdomen plano perder grasa ganar musculo Fitness Fit Life Ejercicio Ejercicio en casa Rutinas Dieta Rutinas de ejercicio Crossfit Fit Entrenamiento Abdominales Salud Vida Sana Vida fit pesas body nutrición Fit a los 50 adelgaza adelgazar recetas fit bajar de peso bajar panza eliminar barriga recetas saludables comida fit motivación fitness motivación gym en casa cambio físico,fitness
wygQ_NmEAVY,FIX Your Biceps Workout in Just 5 Minutes,bicep exercises | bet bicep workout | biceps exercises | best bicep workout | back and bicep workout | bicep workout with ...,22,biceps workout bicep workout best bicep workout big biceps workout biceps workout for biceps biceps workout and exercises best arm workout best biceps workout best biceps exercise best biceps exercises dumbbell bicep workout biceps exercises arm workout how to get bigger biceps workout bicep exercises arms workout how to get big biceps biceps exercise exercises for biceps big biceps biceps workout at gym dumbbell biceps workout,fitness
lX8By9FBbSk,So i decide to do hammer with it 👻 #fitness #discipline #consistency #fitnessjourney #ramyamoksha,,22,,fitness
iFkbVWO9hww,Do Fitness Influencers Actually Know Fitness (Ep. 3 - Mike Israetel),Testing Dr. Mike Israetel's fitness knowledge...,24,mike israetel mike israetel greg doucette mike israetel jeff nippard jeff nippard quiz jeff nipard quiz dr mike dr mike israetel,fitness
ozUmu3BH50M,ELITE Powerlifter ANATOLY Pretends to be CLEANER in GYM #anatoly #fitness #gym,Should be clean now :D ✓My unique PowerBuilding program for Home & GYM https://anatolyfit.com/,24,,fitness
0zb28HvPq2A,“Luego Hacemos Cardio” #fitness,,17,,fitness
-iHCOK0Yo9E,yes GO FOR IT 🙌 #fitness #fitnessmotivation,,17,,fitness
ouKGDXF108U,6 Months Cutting Weight Results 🔥 #fitness #gym #viral #finance #motivation #transformation #shorts,Are you also investing in your body & your future? I'm using YouTube Shorts as my (almost) daily diary - tracking my ...,17,,fitness
-KKfHX56OTY,3 EXERCISES FOR A TONED CORE! #fitness,These are 3 exercises that I LOVE to include in my workouts to help build strength and tone the core. #fitness #homeworkout ...,22,abs abs workout home workout toned core core workout home workout for beginners strong core core workout for beginners abs workout at home,fitness
cWppAbqm9I8,&quot;Your Idol&quot; | Official Song Clip | KPop Demon Hunters | Sony Animation,"Keeping you obsessed with ""Your Idol"" from KPop Demon Hunters. Watch the movie on Netflix now. Listen to the KPop Demon ...",1,Sony Pictures Animation Sony Animation Sony Pictures Imageworks Imageworks Netflix K-Pop KPop Anime KDrama Huntrix Saja Boys Idol Korea Korean Jeongyeon Jihyo Chaeyoung KPop Demon Hunters Your Idol Demons Song Clip,kpop
983bBbJx0Mk,&quot;Soda Pop&quot; Official Lyric Video | KPop Demon Hunters | Sony Animation,Listen to the KPop Demon Hunters soundtrack here: https://kpopdemonhunters.lnk.to/Soundtrack About KPop Demon Hunters: ...,1,Sony Pictures Animation Sony Animation Sony Pictures Imageworks Imageworks Netflix K-Pop KPop Anime KDrama Huntrix Saja Boys Idol Korea Korean Jeongyeon Jihyo Chaeyoung KPop Demon Hunters Soda Pop,kpop
l8Dr7vzMSVE,"“Takedown” Official Lyric Video feat. Jeongyeon, Jihyo and Chaeyoung from TWICE | KPop Demon Hunters",Are you ready for the takedown? Watch the official lyric video for “Takedown” from KPop Demon Hunters performed by Jeongyeon ...,1,Sony Pictures Animation Sony Animation Sony Pictures Imageworks Imageworks Netflix K-Pop KPop Anime KDrama Huntrix Saja Boys Idol Korea Korean Jeongyeon Jihyo Chaeyoung TWICE Takedown KPop Demon Hunters,kpop
yebNIHKAC4A,“Golden” Official Lyric Video | KPop Demon Hunters | Sony Animation,"We're going up, up, up. Watch the official lyric video for “Golden” from KPop Demon Hunters. KPop Demon Hunters is now on ...",1,Sony Pictures Animation Sony Animation Sony Pictures Imageworks Imageworks Netflix K-Pop KPop Anime KDrama Huntrix Saja Boys Idol Korea Korean Jeongyeon Jihyo Chaeyoung Golden KPop Demon Hunters,kpop
wlHwjkYpSr0,BABYMONSTER - ‘WE GO UP’ M/V,WE GO UP Yeah This ain't a game and you know we don't play You ain't never seen the typa show we boutta show ya You ain't ...,10,BABYMONSTER 베이비몬스터 베몬 BABYMON BAEMON 하람 아현 루카 치키타 파리타 로라 아사 HARAM AHYEON RUKA CHIQUITA PHARITA RORA ASA,kpop
PAcOt5Ov61Y,KPop Demon Hunters cute and funny moments 😂 pt.6 #kpdh #kpop #kpopdemonhunters #cosplay #rumi #jinu,"Tags: kpdh, KPop demon hunters cute and funny moments, KPop demon hunters cosplay, KPop Demon Hunters song, KPop ...",24,,kpop
nmt594aKD9U,Soda Pop: Las guerreras K-pop 2025  | Clip oficial | Netflix,Ídolos perfectos? Más bien una cortina perfecta. Los Saja Boys debutan con Soda Pop y conquistan al público al instante.,24,Las Guerreras Kpop KPop Demon Hunters Huntrix SajaBoys Netflix Canciones Dobladas Español Latino Soundtrack pop Kpop en Español,kpop
QGsevnbItdU,&quot;How It&#39;s Done&quot; Official Lyric Video | KPop Demon Hunters | Sony Animation,"HUNTR/X show you how it's done, done, done. Watch the official lyric video for ""How It's Done"" from KPop Demon Hunters.",1,Sony Pictures Animation Sony Animation Sony Pictures Imageworks Imageworks Netflix K-Pop KPop Anime KDrama Huntrix Saja Boys Idol Korea Korean Jeongyeon Jihyo Chaeyoung Golden KPop Demon Hunters How It's Done,kpop
TbMEMCvFbZk,&quot;What It Sounds Like &quot; | Official Song Clip | KPop Demon Hunters | Sony Animation,"Fearless and undefined, this is what it sounds like! Enjoy this official song clip from KPop Demon Hunters. The film is now ...",1,Sony Pictures Animation Sony Animation Sony Pictures Imageworks Imageworks Netflix K-Pop KPop Anime KDrama Huntrix Saja Boys Idol Korea Korean Jeongyeon Jihyo Chaeyoung KPop Demon Hunters Free Rumi Jinu Rujinu Duet Karaoke What It Sounds Like,kpop
CgCVZdcKcqY,BLACKPINK - ‘뛰어(JUMP)’ M/V,BLACKPINK - 뛰어(JUMP) I'm not that easy to tame You should see me under these lights All my tears turn to ice That's the ...,10,YG Entertainment YG 와이지 K-pop BLACKPINK 블랙핑크 블핑 제니 로제 리사 지수 LISA JISOO JENNIE ROSÉ BLINK 블링크 JENNIE You & Me JENNIE You and ME You & Me You and Me 제니 You & Me 제니 You and Me 제니 유앤미 유앤미 JENNIE 유앤미 제니 코첼라 JENNIE COACHELLA,kpop
Bts1uqv4toE,How Zoey Exposed Herself #shorts #kpopdemonhunters #kpop #viral,,1,,kpop
ULQppHDpGMM,Rumi wants to devour the entire world!#huntrix  #kpop #rumi,"Hello everyone, we are the Live-Action Cosplay Group of Witch Hunters, and our mission is to bring joy to you all. Here, we will ...",22,,kpop
U3ncuCL_1IU,KPOP Demon Hunters is available now! Link in Bio! ❤️,,22,,kpop
OCOYWpMT5T4,Soda Pop K-Pop Demon Hunters - FULL DANCE #trend #dance #viral #kpop,,24,,kpop
o9V8HrgJgIg,BABYMONSTER - &#39;WE GO UP&#39; EXCLUSIVE PERFORMANCE VIDEO,BABYMONSTER #베이비몬스터 #2ndMINIALBUM #WEGOUP #EXCLUSIVE #PerformanceVideo #YG More about ...,10,BABYMONSTER 베이비몬스터 베몬 BABYMON BAEMON 하람 아현 루카 치키타 파리타 로라 아사 HARAM AHYEON RUKA CHIQUITA PHARITA RORA ASA,kpop
w2Oh73-ZPro,Zoey Kissed Her CRUSH At Girls Only POOL PARTY in Roblox! (Kpop Demon Hunters),"Today Zoey Kissed Her CRUSH At Girls Only POOL PARTY in Roblox! Rumi, Zoey, and Mira Huntrix are having a GIRLS ONLY ...",20,roblox kpop demon hunters huntrix saja boys kpop rumi zoey mira jinu gwi-ma gwima kpop hunters roblox funny roblox snapchat roblox rp roblox story roblox funny moments roblox funny videos roblox funny stories huntress kpop demon hunters kpop demon hunters lore kpop demon hunters characters Zoey Kissed Her CRUSH At Girls Only POOL PARTY in Roblox! (Kpop Demon Hunters),kpop
CcvQ7KpD4tk,When Kpop idols get dead serious with their fans #kpop #kpopidol #kpopedit #aespa #txt #shorts,kpop #kpopidol #kpopedit #aespa #txt #shorts #karina.,24,aespa karina aespa karina kpopidol kpop kpopedit txt shorts,kpop
YWBb9kuBHQw,Domination (Kpop Demon Hunters),animation #shorts #squidgame #456 #squidgame2 #kdrama #squidgame #netflix Support me on Patreon ...,1,animation fash Smiling critters sprunki meme animation meme incredibox sprunki Easy Magic Trick Tutorial minecraft minecraft movie animals Tralalero Tralala squid game squid game season 3 squid game 3 KPop Demon Hunters KPop Demon Hunters movie KPop Demon Hunters music KPop Demon Hunters songs KPop Demon Hunters soundtrack KPop Demon Hunters twice KPop movie twice Netflix kids K-Pop Anime Huntrix Saja Boys Idol Jeongyeon Jihyo Chaeyoung Golden,kpop
NIhlJAoP3Tw,HUNTR/X | &quot;Your Idol&quot; | Kpop Demon Hunters (Fan Animation),blender #animation #kpopdemonhunters.,22,,kpop
RV_rHAwqk_Q,&quot;Your Idol&quot; (&quot;KPop Demon Hunters&quot;) - Part 1,"""Your Idol"" is a song performed by Andrew Choi, Neckwav, Danny Chung, Kevin Woo and samUIL Lee as the fictional K-pop boy ...",10,,kpop
UIGeV9jOI-I,Kpop idols caught slipping their real personality on set #kpop #kpopidol #kpopedit #straykids #zb1,kpop #kpopedit #kpopidol #straykids #zb1 #shorts.,24,kpop kpopidol kpopedit straykids zb1 shorts,kpop
T7Q7ZhNyHqk,Your Idol: Las guerreras K-pop 2025  | Clip oficial | Netflix,"Después de su victoria en los Idol Awards, la presentación de los Saja Boys toma un giro oscuro. ¡Esto no es solo buena música, ...",24,Las Guerreras Kpop KPop Demon Hunters Huntrix SajaBoys Netflix Canciones Dobladas Español Latino Soundtrack pop Kpop en Español,kpop
BwM4qJZtu7M,Is Wonyoung’s Voice Real or Totally Fake?! #KPOP #shorts #wonyoung,wonyoung #kpopidol #kpopedit #fyp #kpopshorts.,24,,kpop
FHkzrPCmRCg,Worst k-pop covers that ruined the actual song #shorts,korea_buddy1 #koreabuddy #kpop #blackpink #babymonster #bts #aespa #katseye #straykids.,22,,kpop
Qa3ll_1mhQ8,Kpop Demon Hunters Took Me In,"She is taken in by mysterious K-pop Demon Hunters and discovers a thrilling new world of music, magic, and secret battles.",26,,kpop
NNEP50oLiJI,Kpop demon hunters singing golden #kpopdemonhunters,I just watched the movie and I it audio credits to @itzUr_Rengoku.,22,,kpop
yQhcPG9UcQY,Funniest Moments of Kpop idols and kids😍😂 #kpop #shorts,When kpop idols babysit and Chaos Happens #kpopidol #kpopedit #fyp #BangChan #Felix #Hyunjin #Rosé #sunoo.,24,Kpop idols funny moments Kpop idols being parents Kpop idols and kids moments Kpop idols and children's moments,kpop
3-VwlTqxH-0,Who&#39;s Your Favorite? - &quot;KPop Demon Hunters (케이팝 데몬 헌터스)&quot;,"""Golden"" is a song performed by Ejae, Audrey Nuna, and Rei Ami as the fictional K-pop girl group Huntr/x in the 2025 animated ...",10,,kpop
uo1YZXlP3O8,‘How It’s Done’ Lyric Video | KPop Demon Hunters | Netflix Family,"Listen to ""How It's Done” from KPop Demon Hunters, only on Netflix. When K-pop superstars Rumi, Mira, and Zoey aren't selling ...",24,24 Audrey Nuna Danny Chung EJAE IDO Ian Eisendrath Kpop Mark Sonnenblick Netflix REI AMI TEDDY animated animation anime announcement band black label cartoon comedy concert debut family film group imperial jyp kdrama kids korea movie musical pop popstar premiere records republic singer song sony spiderverse tour video,kpop
7bHMlAyaQMQ,Why HYBE’s Girl Groups Are Seen as Cursed?,"HYBE has seen success with many K-pop groups, but their girl groups often face challenges. From early disbandments to ...",24,illit le sserafim gfriend newjeans hybe iilit kpop updates kpop news updates kpop news kpop kpop shorts shorts kpop hybe kpop groups hybe girl group,kpop
om96KysABLM,“Takedown” Song - K-POP DEMON HUNTERS Clip (2025),Official K-Pop Demon Hunters Movie Clip & Trailer 2025 | Subscribe ➤ https://abo.yt/ki | Now streaming on Netflix | More ...,24,2025 Arden Cho Demon Fashion Girl Group Hunters Ji-young Yoo K Pop K-Pop Demon Hunters K-Pop Demon Hunters clip KinoCheck May Hong Movie Music trailer,kpop
JaM-fXm3DTA,K-POP DEMON HUNTERS PLAYLIST OST,"Get ready to vibe with the hottest remixes! If you enjoy this video, make sure to LIKE, SUBSCRIBE, and turn on the for more ...",10,,kpop
i9ES8nqydt0,RUMI IGNORES EVERYONE FOR 24 HOURS! KPop Demon Hunters Animation,HUNTRIX VIDEOS!,1,RUMI IGNORES EVERYONE FOR 24 HOURS RUMI & EVIL JINU at SCHOOL MIRA GOT A GLOW UP WHAT HAPPENED TO JINU ZOEY ZOEY GOT A GLOW UP ZOEY GOT A GLOW UP! KPop Demon Hunters Animation R.I.P. KPOP DEMON HUNTERS JINU & RUMI Get MARRIED WHAT HAPPENED TO RUMI! RUMI AND JINU KPop Demon Hunters Animation RUMI GETS A FANS CLUB KPop Demon Hunters kpop demon hunters Kpopo Demon Hunters animations RUMI AT SCHOOL! zoey Kpop KPop Huntrix SAJA BOYS KPop Demon Hunters Animations,kpop
C-RF8zcBo7g,Ranking The Best K-POP Demon Hunters #huntrix #kpopdemonhunters #rumi #zoey #animation #kpop #art,,23,,kpop
vyANI4o85uI,Real Singers COVER K-POP demon hunters?,,1,,kpop
jeF0qoBFL2o,What Happened To Mira’s Brother? #shorts #kpopdemonhunters #kpop #viral,,1,,kpop
zKm2rdIro1Q,K-pop Demon Hunters #kpopdemonhunters #kpop,,24,,kpop
rRTWmsK47pQ,Soda Pop (Saja Girls Version) | KPop Demon Hunters Animation |【Female Cover by MilkyyMelodies】,STREAM THIS SONG NOW ▶︎ https://ffm.to/5ln5eyw If the Saja Boys were a demon girl group called the Saja Girls singing Soda ...,10,kpop demon hunters soda pop soda pop saja girls kpop demon hunters song saja girls soda pop soda pop saja girls version saja girls kpop saja boys rumi soda pop female version k-pop huntrix soda pop soda pop huntrix soda pop cover saja boys soda pop huntrix soda pop huntrix version your idol jinu your idol saja girls your idol huntrix milkyymelodies milkyymelodies songs,kpop
RdrKwjR9ju4,Golden #kpopdemonhunters,,22,Golden (Huntr/x song) Golden Huntr/x Golden Huntrx KPop Demon Hunters KPop Demon Hunters Soundtrack KPop Demon Hunters Golden Huntr/x Golden rumi,kpop
3JTVQTk36R8,KPop Demon Hunters | Official Trailer | Sony Animation,They sing ✔️ They dance ✔️ They kick demon ass ✔️ KPop Demon Hunters premieres June 20 on Netflix! (Stick around until ...,1,Sony Pictures Animation Sony Animation Netflix KPop Demon Hunters Kpop Anime,kpop
DmjqPnf_fr0,Kpop Demon Hunters #kpopdemonhunters #kpop,,22,,kpop
kUvzHrvEVp8,Failed to debut in Korea but called the luckiest?  #kpop #shorts #yoonchae,"Failed to debut in Korea, but won bigger? Yoon Chae didn't debut in K-pop — but got more freedom in Katseye. No strict rules ...",22,yoonchae katseye,kpop
5W_rsmbTXXs,Baby Saja’s Voice is SO DEEP 😩 (Soda Pop / Your Idol - KPop Demon Hunters) #shorts,"Song: Soda Pop / Your Idol - Saja Boys (ft. Andrew Choi, Neckwav, Danny Chung, KEVIN WOO, samUIL Lee) ...",10,,kpop
5E9iVCW6qdg,🔥 Idols de K-pop haciendo trends virales en español 💃🎶✨,Los idols del K-pop no solo conquistan escenarios… ¡también dominan los trends virales en español! Desde bachata hasta ...,24,bts perú chile méxico argentina ecuador España USA Army Twice Once Le Sserafim,kpop
fJgJ9EsvulM,Aria aura 🔥💀 #xin #aria #kpop #fyp,X:IN Aria fancam then vs now #xin #aria #fyp #shorts #new #trend #funk #xinaria.,22,xin aria kpop xin aria Aria fyp shorts new Trend trending fancam xin fancam xin aria fancam aria xin x in viral edit aria edit xin attention seeker xin attention seeker performance xin new performance xin new song xin new video xin aria moments xin aria edit funk funk song funk edit phonk phonk edit phonk song,kpop
9LQf1fb1Xsk,K-pop demon hunters singing golden #kpopdemonhunters #rumi #cosplay #baby #zoey #mira #jinu #d34th,"So this is my first K-pop demon hunters edit I hope you like it ✨✨✨ I'll make more edit, if you love it @Kocho123.",22,,kpop
YvUx96ufltk,Kpop Demon Hunters Tailor Challenge,,22,,kpop
cx4tSr7EmR8,K-pop Idols Who Don’t Care About Their Image #kpop #shorts #aespa #fyp,K-pop Idols Who Don't Care About Their Image #kpop #shorts #aespa #fyp.,24,K-pop kpopidols kpopshorts BTS txt illit kiof babymonster BlackPink Aespa Newjeans Enhypen Lesserafim Shorts FYP Viral IVE Trending Short's short's,kpop
g5ee6tiiAWk,10 Things You Didn’t Notice in K-pop Demon Hunters,"10 Things You Didn't Notice in K-pop Demon Hunters From the Huntrix New Member Join to the Jinu's Return, there are hidden ...",24,kpop demon hunter news kpop demon hunters things kpop demon hunters 2 kpop demon hunters rumi kpop mira kpop jinu kpop demon hunter new video kpop demon hunters horse 4u,kpop
7Md9G3mGDcs,Fun Hidden Easter Egg Most Kpop Demon Hunters Fans Missed😳,Did you catch this Hidden Detail? Let me know in the comments.,1,Kpop demon hunters Saja boys Shorts Easter egg Hidden Detail Baby Saja Jinu,kpop
